Company Name,Model Name,Mobile Weight,RAM,Front Camera,Back Camera,Processor,Battery Capacity,Screen Size,Launched Price (Pakistan),Launched Price (India),Launched Price (China),Launched Price (USA),Launched Price (Dubai),Launched Year,RAM_num,Weight_num,FrontCam_num,BackCam_primary,BackCam_lenses,Battery_num,Screen_num,India_Price,Pakistan_Price,China_Price,USA_Price,Dubai_Price,Is_Tablet,Is_Foldable,Processor_Family,Price_Segment
Apple,iPhone 16 128GB,174g,6GB,12MP,48MP,A17 Bionic,"3,600mAh",6.1 inches,"PKR 224,999","INR 79,999","CNY 5,799",USD 799,"AED 2,799",2024,6.0,174.0,12.0,48.0,1,3600,6.1,79999.0,224999.0,5799.0,799.0,2799.0,False,False,Apple,Premium
Apple,iPhone 16 256GB,174g,6GB,12MP,48MP,A17 Bionic,"3,600mAh",6.1 inches,"PKR 234,999","INR 84,999","CNY 6,099",USD 849,"AED 2,999",2024,6.0,174.0,12.0,48.0,1,3600,6.1,84999.0,234999.0,6099.0,849.0,2999.0,False,False,Apple,Premium
Apple,iPhone 16 512GB,174g,6GB,12MP,48MP,A17 Bionic,"3,600mAh",6.1 inches,"PKR 244,999","INR 89,999","CNY 6,499",USD 899,"AED 3,199",2024,6.0,174.0,12.0,48.0,1,3600,6.1,89999.0,244999.0,6499.0,899.0,3199.0,False,False,Apple,Premium
Apple,iPhone 16 Plus 128GB,203g,6GB,12MP,48MP,A17 Bionic,"4,200mAh",6.7 inches,"PKR 249,999","INR 89,999","CNY 6,199",USD 899,"AED 3,199",2024,6.0,203.0,12.0,48.0,1,4200,6.7,89999.0,249999.0,6199.0,899.0,3199.0,False,False,Apple,Premium
Apple,iPhone 16 Plus 256GB,203g,6GB,12MP,48MP,A17 Bionic,"4,200mAh",6.7 inches,"PKR 259,999","INR 94,999","CNY 6,499",USD 949,"AED 3,399",2024,6.0,203.0,12.0,48.0,1,4200,6.7,94999.0,259999.0,6499.0,949.0,3399.0,False,False,Apple,Premium
Apple,iPhone 16 Plus 512GB,203g,6GB,12MP,48MP,A17 Bionic,"4,200mAh",6.7 inches,"PKR 274,999","INR 104,999","CNY 6,999",USD 999,"AED 3,599",2024,6.0,203.0,12.0,48.0,1,4200,6.7,104999.0,274999.0,6999.0,999.0,3599.0,False,False,Apple,Ultra Premium
Apple,iPhone 16 Pro 128GB,206g,6GB,12MP / 4K,50MP + 12MP,A17 Pro,"4,400mAh",6.1 inches,"PKR 284,999","INR 99,999","CNY 6,999",USD 999,"AED 3,499",2024,6.0,206.0,12.0,50.0,2,4400,6.1,99999.0,284999.0,6999.0,999.0,3499.0,False,False,Other,Premium
Apple,iPhone 16 Pro 256GB,206g,8GB,12MP / 4K,50MP + 12MP,A17 Pro,"4,400mAh",6.1 inches,"PKR 294,999","INR 104,999","CNY 7,099","USD 1,049","AED 3,699",2024,8.0,206.0,12.0,50.0,2,4400,6.1,104999.0,294999.0,7099.0,1049.0,3699.0,False,False,Other,Ultra Premium
Apple,iPhone 16 Pro 512GB,206g,8GB,12MP / 4K,50MP + 12MP,A17 Pro,"4,400mAh",6.1 inches,"PKR 314,999","INR 114,999","CNY 7,499","USD 1,099","AED 3,899",2024,8.0,206.0,12.0,50.0,2,4400,6.1,114999.0,314999.0,7499.0,1099.0,3899.0,False,False,Other,Ultra Premium
Apple,iPhone 16 Pro Max 128GB,221g,6GB,12MP / 4K,48MP + 12MP,A17 Pro,"4,500mAh",6.7 inches,"PKR 314,999","INR 109,999","CNY 7,499","USD 1,099","AED 3,799",2024,6.0,221.0,12.0,48.0,2,4500,6.7,109999.0,314999.0,7499.0,1099.0,3799.0,False,False,Other,Ultra Premium
Apple,iPhone 16 Pro Max 256GB,221g,8GB,12MP / 4K,48MP + 12MP,A17 Pro,"4,500mAh",6.7 inches,"PKR 324,999","INR 114,999","CNY 7,799","USD 1,199","AED 3,999",2024,8.0,221.0,12.0,48.0,2,4500,6.7,114999.0,324999.0,7799.0,1199.0,3999.0,False,False,Other,Ultra Premium
Apple,iPhone 16 Pro Max 512GB,221g,8GB,12MP / 4K,48MP + 12MP,A17 Pro,"4,500mAh",6.7 inches,"PKR 344,999","INR 124,999","CNY 8,199","USD 1,299","AED 4,199",2024,8.0,221.0,12.0,48.0,2,4500,6.7,124999.0,344999.0,8199.0,1299.0,4199.0,False,False,Other,Ultra Premium
Apple,iPhone 15 128GB,171g,6GB,12MP,48MP,A16 Bionic,"3,200mAh",6.1 inches,"PKR 204,999","INR 74,999","CNY 5,299",USD 799,"AED 2,699",2023,6.0,171.0,12.0,48.0,1,3200,6.1,74999.0,204999.0,5299.0,799.0,2699.0,False,False,Apple,Premium
Apple,iPhone 15 256GB,171g,6GB,12MP,48MP,A16 Bionic,"3,200mAh",6.1 inches,"PKR 214,999","INR 79,999","CNY 5,599",USD 849,"AED 2,999",2023,6.0,171.0,12.0,48.0,1,3200,6.1,79999.0,214999.0,5599.0,849.0,2999.0,False,False,Apple,Premium
Apple,iPhone 15 512GB,171g,6GB,12MP,48MP,A16 Bionic,"3,200mAh",6.1 inches,"PKR 224,999","INR 89,999","CNY 5,999",USD 949,"AED 3,199",2023,6.0,171.0,12.0,48.0,1,3200,6.1,89999.0,224999.0,5999.0,949.0,3199.0,False,False,Apple,Premium
Apple,iPhone 15 Plus 128GB,203g,6GB,12MP,48MP,A16 Bionic,"4,300mAh",6.7 inches,"PKR 234,999","INR 84,999","CNY 5,699",USD 899,"AED 3,199",2023,6.0,203.0,12.0,48.0,1,4300,6.7,84999.0,234999.0,5699.0,899.0,3199.0,False,False,Apple,Premium
Apple,iPhone 15 Plus 256GB,203g,6GB,12MP,48MP,A16 Bionic,"4,300mAh",6.7 inches,"PKR 244,999","INR 94,999","CNY 6,199",USD 999,"AED 3,399",2023,6.0,203.0,12.0,48.0,1,4300,6.7,94999.0,244999.0,6199.0,999.0,3399.0,False,False,Apple,Premium
Apple,iPhone 15 Plus 512GB,203g,6GB,12MP,48MP,A16 Bionic,"4,300mAh",6.7 inches,"PKR 264,999","INR 104,999","CNY 6,799","USD 1,049","AED 3,599",2023,6.0,203.0,12.0,48.0,1,4300,6.7,104999.0,264999.0,6799.0,1049.0,3599.0,False,False,Apple,Ultra Premium
Apple,iPhone 15 Pro 128GB,206g,6GB,12MP / 4K,48MP + 12MP,A16 Bionic,"4,400mAh",6.1 inches,"PKR 274,999","INR 99,999","CNY 6,999","USD 1,099","AED 3,599",2023,6.0,206.0,12.0,48.0,2,4400,6.1,99999.0,274999.0,6999.0,1099.0,3599.0,False,False,Apple,Premium
Apple,iPhone 15 Pro 256GB,206g,8GB,12MP / 4K,48MP + 12MP,A16 Bionic,"4,400mAh",6.1 inches,"PKR 284,999","INR 109,999","CNY 7,299","USD 1,199","AED 3,799",2023,8.0,206.0,12.0,48.0,2,4400,6.1,109999.0,284999.0,7299.0,1199.0,3799.0,False,False,Apple,Ultra Premium
Apple,iPhone 15 Pro 512GB,206g,8GB,12MP / 4K,48MP + 12MP,A16 Bionic,"4,400mAh",6.1 inches,"PKR 304,999","INR 119,999","CNY 7,799","USD 1,299","AED 4,199",2023,8.0,206.0,12.0,48.0,2,4400,6.1,119999.0,304999.0,7799.0,1299.0,4199.0,False,False,Apple,Ultra Premium
Apple,iPhone 15 Pro Max 128GB,221g,6GB,12MP / 4K,48MP + 12MP,A16 Bionic,"4,500mAh",6.7 inches,"PKR 314,999","INR 114,999","CNY 7,999","USD 1,199","AED 3,899",2023,6.0,221.0,12.0,48.0,2,4500,6.7,114999.0,314999.0,7999.0,1199.0,3899.0,False,False,Apple,Ultra Premium
Apple,iPhone 15 Pro Max 256GB,221g,8GB,12MP / 4K,48MP + 12MP,A16 Bionic,"4,500mAh",6.7 inches,"PKR 324,999","INR 124,999","CNY 8,199","USD 1,299","AED 4,199",2023,8.0,221.0,12.0,48.0,2,4500,6.7,124999.0,324999.0,8199.0,1299.0,4199.0,False,False,Apple,Ultra Premium
Apple,iPhone 15 Pro Max 512GB,221g,8GB,12MP / 4K,48MP + 12MP,A16 Bionic,"4,500mAh",6.7 inches,"PKR 344,999","INR 134,999","CNY 8,699","USD 1,399","AED 4,399",2023,8.0,221.0,12.0,48.0,2,4500,6.7,134999.0,344999.0,8699.0,1399.0,4399.0,False,False,Apple,Ultra Premium
Apple,iPhone 14 128GB,172g,6GB,12MP,12MP + 12MP,A15 Bionic,"3,200mAh",6.1 inches,"PKR 184,999","INR 69,999","CNY 5,199",USD 799,"AED 2,699",2022,6.0,172.0,12.0,12.0,2,3200,6.1,69999.0,184999.0,5199.0,799.0,2699.0,False,False,Apple,Premium
Apple,iPhone 14 256GB,172g,6GB,12MP,12MP + 12MP,A15 Bionic,"3,200mAh",6.1 inches,"PKR 194,999","INR 74,999","CNY 5,599",USD 849,"AED 2,999",2022,6.0,172.0,12.0,12.0,2,3200,6.1,74999.0,194999.0,5599.0,849.0,2999.0,False,False,Apple,Premium
Apple,iPhone 14 512GB,172g,6GB,12MP,12MP + 12MP,A15 Bionic,"3,200mAh",6.1 inches,"PKR 204,999","INR 84,999","CNY 5,999",USD 949,"AED 3,199",2022,6.0,172.0,12.0,12.0,2,3200,6.1,84999.0,204999.0,5999.0,949.0,3199.0,False,False,Apple,Premium
Apple,iPhone 14 Plus 128GB,203g,6GB,12MP,12MP + 12MP,A15 Bionic,"4,325mAh",6.7 inches,"PKR 204,999","INR 79,999","CNY 5,499",USD 899,"AED 3,199",2022,6.0,203.0,12.0,12.0,2,4325,6.7,79999.0,204999.0,5499.0,899.0,3199.0,False,False,Apple,Premium
Apple,iPhone 14 Plus 256GB,203g,6GB,12MP,12MP + 12MP,A15 Bionic,"4,325mAh",6.7 inches,"PKR 214,999","INR 84,999","CNY 5,899",USD 999,"AED 3,399",2022,6.0,203.0,12.0,12.0,2,4325,6.7,84999.0,214999.0,5899.0,999.0,3399.0,False,False,Apple,Premium
Apple,iPhone 14 Plus 512GB,203g,6GB,12MP,12MP + 12MP,A15 Bionic,"4,325mAh",6.7 inches,"PKR 224,999","INR 94,999","CNY 6,299","USD 1,049","AED 3,599",2022,6.0,203.0,12.0,12.0,2,4325,6.7,94999.0,224999.0,6299.0,1049.0,3599.0,False,False,Apple,Premium
Apple,iPhone 14 Pro 128GB,206g,6GB,12MP / 4K,48MP + 12MP,A16 Bionic,"4,200mAh",6.1 inches,"PKR 294,999","INR 109,999","CNY 7,199","USD 1,099","AED 3,699",2022,6.0,206.0,12.0,48.0,2,4200,6.1,109999.0,294999.0,7199.0,1099.0,3699.0,False,False,Apple,Ultra Premium
Apple,iPhone 14 Pro 256GB,206g,8GB,12MP / 4K,48MP + 12MP,A16 Bionic,"4,200mAh",6.1 inches,"PKR 304,999","INR 119,999","CNY 7,499","USD 1,199","AED 3,899",2022,8.0,206.0,12.0,48.0,2,4200,6.1,119999.0,304999.0,7499.0,1199.0,3899.0,False,False,Apple,Ultra Premium
Apple,iPhone 14 Pro 512GB,206g,8GB,12MP / 4K,48MP + 12MP,A16 Bionic,"4,200mAh",6.1 inches,"PKR 324,999","INR 134,999","CNY 7,999","USD 1,299","AED 4,199",2022,8.0,206.0,12.0,48.0,2,4200,6.1,134999.0,324999.0,7999.0,1299.0,4199.0,False,False,Apple,Ultra Premium
Apple,iPhone 14 Pro Max 128GB,221g,6GB,12MP / 4K,48MP + 12MP,A16 Bionic,"4,500mAh",6.7 inches,"PKR 324,999","INR 124,999","CNY 8,099","USD 1,199","AED 3,999",2022,6.0,221.0,12.0,48.0,2,4500,6.7,124999.0,324999.0,8099.0,1199.0,3999.0,False,False,Apple,Ultra Premium
Apple,iPhone 14 Pro Max 256GB,221g,8GB,12MP / 4K,48MP + 12MP,A16 Bionic,"4,500mAh",6.7 inches,"PKR 344,999","INR 134,999","CNY 8,499","USD 1,299","AED 4,199",2022,8.0,221.0,12.0,48.0,2,4500,6.7,134999.0,344999.0,8499.0,1299.0,4199.0,False,False,Apple,Ultra Premium
Apple,iPhone 14 Pro Max 512GB,221g,8GB,12MP / 4K,48MP + 12MP,A16 Bionic,"4,500mAh",6.7 inches,"PKR 364,999","INR 144,999","CNY 8,999","USD 1,399","AED 4,499",2022,8.0,221.0,12.0,48.0,2,4500,6.7,144999.0,364999.0,8999.0,1399.0,4499.0,False,False,Apple,Ultra Premium
Apple,iPhone 13 mini 128GB,140g,4GB,12MP,12MP,A15 Bionic,"2,438mAh",5.4 inches,"PKR 174,999","INR 69,900","CNY 5,199",USD 699,"AED 2,599",2021,4.0,140.0,12.0,12.0,1,2438,5.4,69900.0,174999.0,5199.0,699.0,2599.0,False,False,Apple,Premium
Apple,iPhone 13 mini 256GB,140g,4GB,12MP,12MP,A15 Bionic,"2,438mAh",5.4 inches,"PKR 184,999","INR 74,900","CNY 5,599",USD 799,"AED 2,999",2021,4.0,140.0,12.0,12.0,1,2438,5.4,74900.0,184999.0,5599.0,799.0,2999.0,False,False,Apple,Premium
Apple,iPhone 13 mini 512GB,140g,4GB,12MP,12MP,A15 Bionic,"2,438mAh",5.4 inches,"PKR 194,999","INR 84,900","CNY 5,999",USD 899,"AED 3,299",2021,4.0,140.0,12.0,12.0,1,2438,5.4,84900.0,194999.0,5999.0,899.0,3299.0,False,False,Apple,Premium
Apple,iPhone 13 128GB,174g,4GB,12MP,12MP + 12MP,A15 Bionic,"3,240mAh",6.1 inches,"PKR 194,999","INR 74,900","CNY 5,499",USD 799,"AED 2,999",2021,4.0,174.0,12.0,12.0,2,3240,6.1,74900.0,194999.0,5499.0,799.0,2999.0,False,False,Apple,Premium
Apple,iPhone 13 256GB,174g,4GB,12MP,12MP + 12MP,A15 Bionic,"3,240mAh",6.1 inches,"PKR 204,999","INR 84,900","CNY 5,899",USD 899,"AED 3,199",2021,4.0,174.0,12.0,12.0,2,3240,6.1,84900.0,204999.0,5899.0,899.0,3199.0,False,False,Apple,Premium
Apple,iPhone 13 512GB,174g,4GB,12MP,12MP + 12MP,A15 Bionic,"3,240mAh",6.1 inches,"PKR 224,999","INR 94,900","CNY 6,299",USD 999,"AED 3,599",2021,4.0,174.0,12.0,12.0,2,3240,6.1,94900.0,224999.0,6299.0,999.0,3599.0,False,False,Apple,Premium
Apple,iPhone 13 Pro 128GB,204g,6GB,12MP / 4K,12MP + 12MP + 12MP,A15 Bionic,"3,095mAh",6.1 inches,"PKR 294,999","INR 119,900","CNY 7,299",USD 999,"AED 3,999",2021,6.0,204.0,12.0,12.0,3,3095,6.1,119900.0,294999.0,7299.0,999.0,3999.0,False,False,Apple,Ultra Premium
Apple,iPhone 13 Pro 256GB,204g,6GB,12MP / 4K,12MP + 12MP + 12MP,A15 Bionic,"3,095mAh",6.1 inches,"PKR 314,999","INR 129,900","CNY 7,699","USD 1,099","AED 4,199",2021,6.0,204.0,12.0,12.0,3,3095,6.1,129900.0,314999.0,7699.0,1099.0,4199.0,False,False,Apple,Ultra Premium
Apple,iPhone 13 Pro 512GB,204g,6GB,12MP / 4K,12MP + 12MP + 12MP,A15 Bionic,"3,095mAh",6.1 inches,"PKR 344,999","INR 139,900","CNY 8,199","USD 1,199","AED 4,399",2021,6.0,204.0,12.0,12.0,3,3095,6.1,139900.0,344999.0,8199.0,1199.0,4399.0,False,False,Apple,Ultra Premium
Apple,iPhone 13 Pro Max 128GB,238g,6GB,12MP / 4K,12MP + 12MP + 12MP,A15 Bionic,"4,352mAh",6.7 inches,"PKR 324,999","INR 129,900","CNY 8,299","USD 1,099","AED 4,199",2021,6.0,238.0,12.0,12.0,3,4352,6.7,129900.0,324999.0,8299.0,1099.0,4199.0,False,False,Apple,Ultra Premium
Apple,iPhone 13 Pro Max 256GB,238g,6GB,12MP / 4K,12MP + 12MP + 12MP,A15 Bionic,"4,352mAh",6.7 inches,"PKR 354,999","INR 139,900","CNY 8,799","USD 1,199","AED 4,399",2021,6.0,238.0,12.0,12.0,3,4352,6.7,139900.0,354999.0,8799.0,1199.0,4399.0,False,False,Apple,Ultra Premium
Apple,iPhone 13 Pro Max 512GB,238g,6GB,12MP / 4K,12MP + 12MP + 12MP,A15 Bionic,"4,352mAh",6.7 inches,"PKR 384,999","INR 149,900","CNY 9,199","USD 1,399","AED 4,599",2021,6.0,238.0,12.0,12.0,3,4352,6.7,149900.0,384999.0,9199.0,1399.0,4599.0,False,False,Apple,Ultra Premium
Apple,iPhone 12 mini 64GB,135g,4GB,12MP,12MP,A14 Bionic,"2,227mAh",5.4 inches,"PKR 174,999","INR 69,900","CNY 5,199",USD 699,"AED 2,599",2020,4.0,135.0,12.0,12.0,1,2227,5.4,69900.0,174999.0,5199.0,699.0,2599.0,False,False,Apple,Premium
Apple,iPhone 12 mini 128GB,135g,4GB,12MP,12MP,A14 Bionic,"2,227mAh",5.4 inches,"PKR 184,999","INR 74,900","CNY 5,599",USD 799,"AED 2,999",2020,4.0,135.0,12.0,12.0,1,2227,5.4,74900.0,184999.0,5599.0,799.0,2999.0,False,False,Apple,Premium
Apple,iPhone 12 mini 256GB,135g,4GB,12MP,12MP,A14 Bionic,"2,227mAh",5.4 inches,"PKR 194,999","INR 84,900","CNY 5,999",USD 899,"AED 3,299",2020,4.0,135.0,12.0,12.0,1,2227,5.4,84900.0,194999.0,5999.0,899.0,3299.0,False,False,Apple,Premium
Apple,iPhone 12 64GB,164g,4GB,12MP,12MP + 12MP,A14 Bionic,"2,815mAh",6.1 inches,"PKR 194,999","INR 74,900","CNY 5,499",USD 799,"AED 2,999",2020,4.0,164.0,12.0,12.0,2,2815,6.1,74900.0,194999.0,5499.0,799.0,2999.0,False,False,Apple,Premium
Apple,iPhone 12 128GB,164g,4GB,12MP,12MP + 12MP,A14 Bionic,"2,815mAh",6.1 inches,"PKR 204,999","INR 84,900","CNY 5,899",USD 899,"AED 3,199",2020,4.0,164.0,12.0,12.0,2,2815,6.1,84900.0,204999.0,5899.0,899.0,3199.0,False,False,Apple,Premium
Apple,iPhone 12 256GB,164g,4GB,12MP,12MP + 12MP,A14 Bionic,"2,815mAh",6.1 inches,"PKR 224,999","INR 94,900","CNY 6,299",USD 999,"AED 3,599",2020,4.0,164.0,12.0,12.0,2,2815,6.1,94900.0,224999.0,6299.0,999.0,3599.0,False,False,Apple,Premium
Apple,iPhone 12 Pro 128GB,189g,6GB,12MP / 4K,12MP + 12MP + 12MP,A14 Bionic,"2,815mAh",6.1 inches,"PKR 314,999","INR 119,900","CNY 7,299",USD 999,"AED 3,999",2020,6.0,189.0,12.0,12.0,3,2815,6.1,119900.0,314999.0,7299.0,999.0,3999.0,False,False,Apple,Ultra Premium
Apple,iPhone 12 Pro 256GB,189g,6GB,12MP / 4K,12MP + 12MP + 12MP,A14 Bionic,"2,815mAh",6.1 inches,"PKR 334,999","INR 129,900","CNY 7,699","USD 1,099","AED 4,199",2020,6.0,189.0,12.0,12.0,3,2815,6.1,129900.0,334999.0,7699.0,1099.0,4199.0,False,False,Apple,Ultra Premium
Apple,iPhone 12 Pro 512GB,189g,6GB,12MP / 4K,12MP + 12MP + 12MP,A14 Bionic,"2,815mAh",6.1 inches,"PKR 354,999","INR 139,900","CNY 8,199","USD 1,199","AED 4,399",2020,6.0,189.0,12.0,12.0,3,2815,6.1,139900.0,354999.0,8199.0,1199.0,4399.0,False,False,Apple,Ultra Premium
Apple,iPhone 12 Pro Max 128GB,228g,6GB,12MP / 4K,12MP + 12MP + 12MP,A14 Bionic,"3,687mAh",6.7 inches,"PKR 344,999","INR 129,900","CNY 8,399","USD 1,099","AED 4,199",2020,6.0,228.0,12.0,12.0,3,3687,6.7,129900.0,344999.0,8399.0,1099.0,4199.0,False,False,Apple,Ultra Premium
Apple,iPhone 12 Pro Max 256GB,228g,6GB,12MP / 4K,12MP + 12MP + 12MP,A14 Bionic,"3,687mAh",6.7 inches,"PKR 364,999","INR 139,900","CNY 8,799","USD 1,199","AED 4,399",2020,6.0,228.0,12.0,12.0,3,3687,6.7,139900.0,364999.0,8799.0,1199.0,4399.0,False,False,Apple,Ultra Premium
Apple,iPhone 12 Pro Max 512GB,228g,6GB,12MP / 4K,12MP + 12MP + 12MP,A14 Bionic,"3,687mAh",6.7 inches,"PKR 384,999","INR 149,900","CNY 9,199","USD 1,399","AED 4,599",2020,6.0,228.0,12.0,12.0,3,3687,6.7,149900.0,384999.0,9199.0,1399.0,4599.0,False,False,Apple,Ultra Premium
Apple,iPhone 11 64GB,194g,4GB,12MP,12MP + 12MP,A13 Bionic,"3,110mAh",6.1 inches,"PKR 159,999","INR 64,900","CNY 5,499",USD 699,"AED 2,499",2019,4.0,194.0,12.0,12.0,2,3110,6.1,64900.0,159999.0,5499.0,699.0,2499.0,False,False,Apple,Premium
Apple,iPhone 11 128GB,194g,4GB,12MP,12MP + 12MP,A13 Bionic,"3,110mAh",6.1 inches,"PKR 169,999","INR 74,900","CNY 5,899",USD 799,"AED 2,999",2019,4.0,194.0,12.0,12.0,2,3110,6.1,74900.0,169999.0,5899.0,799.0,2999.0,False,False,Apple,Premium
Apple,iPhone 11 256GB,194g,4GB,12MP,12MP + 12MP,A13 Bionic,"3,110mAh",6.1 inches,"PKR 179,999","INR 84,900","CNY 6,299",USD 899,"AED 3,299",2019,4.0,194.0,12.0,12.0,2,3110,6.1,84900.0,179999.0,6299.0,899.0,3299.0,False,False,Apple,Premium
Apple,iPhone 11 Pro 64GB,188g,4GB,12MP / 4K,12MP + 12MP + 12MP,A13 Bionic,"3,046mAh",5.8 inches,"PKR 219,999","INR 99,900","CNY 6,999",USD 999,"AED 3,799",2019,4.0,188.0,12.0,12.0,3,3046,5.8,99900.0,219999.0,6999.0,999.0,3799.0,False,False,Apple,Premium
Apple,iPhone 11 Pro 256GB,188g,4GB,12MP / 4K,12MP + 12MP + 12MP,A13 Bionic,"3,046mAh",5.8 inches,"PKR 239,999","INR 109,900","CNY 7,399","USD 1,099","AED 4,199",2019,4.0,188.0,12.0,12.0,3,3046,5.8,109900.0,239999.0,7399.0,1099.0,4199.0,False,False,Apple,Ultra Premium
Apple,iPhone 11 Pro 512GB,188g,4GB,12MP / 4K,12MP + 12MP + 12MP,A13 Bionic,"3,046mAh",5.8 inches,"PKR 259,999","INR 119,900","CNY 7,999","USD 1,199","AED 4,599",2019,4.0,188.0,12.0,12.0,3,3046,5.8,119900.0,259999.0,7999.0,1199.0,4599.0,False,False,Apple,Ultra Premium
Apple,iPhone 11 Pro Max 64GB,226g,4GB,12MP / 4K,12MP + 12MP + 12MP,A13 Bionic,"3,969mAh",6.5 inches,"PKR 269,999","INR 109,900","CNY 7,799","USD 1,099","AED 4,399",2019,4.0,226.0,12.0,12.0,3,3969,6.5,109900.0,269999.0,7799.0,1099.0,4399.0,False,False,Apple,Ultra Premium
Apple,iPhone 11 Pro Max 256GB,226g,4GB,12MP / 4K,12MP + 12MP + 12MP,A13 Bionic,"3,969mAh",6.5 inches,"PKR 289,999","INR 119,900","CNY 8,199","USD 1,199","AED 4,599",2019,4.0,226.0,12.0,12.0,3,3969,6.5,119900.0,289999.0,8199.0,1199.0,4599.0,False,False,Apple,Ultra Premium
Apple,iPhone 11 Pro Max 512GB,226g,4GB,12MP / 4K,12MP + 12MP + 12MP,A13 Bionic,"3,969mAh",6.5 inches,"PKR 309,999","INR 129,900","CNY 8,799","USD 1,399","AED 4,999",2019,4.0,226.0,12.0,12.0,3,3969,6.5,129900.0,309999.0,8799.0,1399.0,4999.0,False,False,Apple,Ultra Premium
Apple,iPhone X 64GB,174g,3GB,7MP,12MP + 12MP,A11 Bionic,"2,716mAh",5.8 inches,"PKR 164,999","INR 89,900","CNY 8,388",USD 999,"AED 3,799",2017,3.0,174.0,7.0,12.0,2,2716,5.8,89900.0,164999.0,8388.0,999.0,3799.0,False,False,Apple,Premium
Apple,iPhone X 256GB,174g,3GB,7MP,12MP + 12MP,A11 Bionic,"2,716mAh",5.8 inches,"PKR 184,999","INR 99,900","CNY 8,788","USD 1,099","AED 4,199",2017,3.0,174.0,7.0,12.0,2,2716,5.8,99900.0,184999.0,8788.0,1099.0,4199.0,False,False,Apple,Premium
Apple,iPhone XS 64GB,177g,4GB,7MP,12MP + 12MP,A12 Bionic,"2,658mAh",5.8 inches,"PKR 219,999","INR 99,900","CNY 9,188",USD 999,"AED 3,899",2018,4.0,177.0,7.0,12.0,2,2658,5.8,99900.0,219999.0,9188.0,999.0,3899.0,False,False,Apple,Premium
Apple,iPhone XS 256GB,177g,4GB,7MP,12MP + 12MP,A12 Bionic,"2,658mAh",5.8 inches,"PKR 239,999","INR 109,900","CNY 9,788","USD 1,099","AED 4,299",2018,4.0,177.0,7.0,12.0,2,2658,5.8,109900.0,239999.0,9788.0,1099.0,4299.0,False,True,Apple,Ultra Premium
Apple,iPhone XS 512GB,177g,4GB,7MP,12MP + 12MP,A12 Bionic,"2,658mAh",5.8 inches,"PKR 259,999","INR 119,900","CNY 10,388","USD 1,299","AED 4,799",2018,4.0,177.0,7.0,12.0,2,2658,5.8,119900.0,259999.0,10388.0,1299.0,4799.0,False,False,Apple,Ultra Premium
Apple,iPhone XS Max 64GB,208g,4GB,7MP,12MP + 12MP,A12 Bionic,"3,174mAh",6.5 inches,"PKR 249,999","INR 109,900","CNY 10,088","USD 1,099","AED 4,399",2018,4.0,208.0,7.0,12.0,2,3174,6.5,109900.0,249999.0,10088.0,1099.0,4399.0,False,False,Apple,Ultra Premium
Apple,iPhone XS Max 256GB,208g,4GB,7MP,12MP + 12MP,A12 Bionic,"3,174mAh",6.5 inches,"PKR 269,999","INR 119,900","CNY 10,688","USD 1,249","AED 4,799",2018,4.0,208.0,7.0,12.0,2,3174,6.5,119900.0,269999.0,10688.0,1249.0,4799.0,False,False,Apple,Ultra Premium
Apple,iPhone XS Max 512GB,208g,4GB,7MP,12MP + 12MP,A12 Bionic,"3,174mAh",6.5 inches,"PKR 289,999","INR 129,900","CNY 11,288","USD 1,399","AED 5,099",2018,4.0,208.0,7.0,12.0,2,3174,6.5,129900.0,289999.0,11288.0,1399.0,5099.0,False,False,Apple,Ultra Premium
Apple,iPhone XR 64GB,194g,3GB,7MP,12MP + 12MP,A12 Bionic,"2,942mAh",6.1 inches,"PKR 149,999","INR 64,900","CNY 6,299",USD 749,"AED 2,699",2018,3.0,194.0,7.0,12.0,2,2942,6.1,64900.0,149999.0,6299.0,749.0,2699.0,False,False,Apple,Premium
Apple,iPhone XR 128GB,194g,3GB,7MP,12MP + 12MP,A12 Bionic,"2,942mAh",6.1 inches,"PKR 159,999","INR 74,900","CNY 6,799",USD 799,"AED 3,099",2018,3.0,194.0,7.0,12.0,2,2942,6.1,74900.0,159999.0,6799.0,799.0,3099.0,False,False,Apple,Premium
Apple,iPhone XR 256GB,194g,3GB,7MP,12MP + 12MP,A12 Bionic,"2,942mAh",6.1 inches,"PKR 179,999","INR 84,900","CNY 7,299",USD 899,"AED 3,399",2018,3.0,194.0,7.0,12.0,2,2942,6.1,84900.0,179999.0,7299.0,899.0,3399.0,False,False,Apple,Premium
Apple,iPad Air 10.9-inch 64GB,458g,4GB,12MP,12MP,A14 Bionic,"7,608mAh",10.9 inches,"PKR 79,999","INR 54,900","CNY 3,299",USD 599,"AED 2,099",2020,4.0,458.0,12.0,12.0,1,7608,10.9,54900.0,79999.0,3299.0,599.0,2099.0,True,False,Apple,Upper Mid-Range
Apple,iPad Air 10.9-inch 256GB,458g,4GB,12MP,12MP,A14 Bionic,"7,608mAh",10.9 inches,"PKR 89,999","INR 64,900","CNY 3,699",USD 749,"AED 2,499",2020,4.0,458.0,12.0,12.0,1,7608,10.9,64900.0,89999.0,3699.0,749.0,2499.0,True,False,Apple,Premium
Apple,iPad 10.2-inch 32GB,490g,3GB,12MP,8MP,A13 Bionic,"8,612mAh",10.2 inches,"PKR 49,999","INR 29,900","CNY 2,299",USD 329,"AED 1,199",2020,3.0,490.0,12.0,8.0,1,8612,10.2,29900.0,49999.0,2299.0,329.0,1199.0,True,False,Apple,Mid-Range
Apple,iPad 10.2-inch 128GB,490g,3GB,12MP,8MP,A13 Bionic,"8,612mAh",10.2 inches,"PKR 59,999","INR 39,900","CNY 2,699",USD 429,"AED 1,499",2020,3.0,490.0,12.0,8.0,1,8612,10.2,39900.0,59999.0,2699.0,429.0,1499.0,True,False,Apple,Upper Mid-Range
Apple,iPad Mini 7.9-inch 64GB,300.5g,3GB,7MP,8MP,A12 Bionic,"5,124mAh",7.9 inches,"PKR 69,999","INR 39,900","CNY 3,499",USD 399,"AED 1,499",2019,3.0,300.5,7.0,8.0,1,5124,7.9,39900.0,69999.0,3499.0,399.0,1499.0,True,False,Apple,Upper Mid-Range
Apple,iPad Mini 7.9-inch 256GB,300.5g,3GB,7MP,8MP,A12 Bionic,"5,124mAh",7.9 inches,"PKR 79,999","INR 49,900","CNY 3,799",USD 499,"AED 1,799",2019,3.0,300.5,7.0,8.0,1,5124,7.9,49900.0,79999.0,3799.0,499.0,1799.0,True,False,Apple,Upper Mid-Range
Apple,iPad Pro 11-inch 128GB,468g,4GB,7MP,12MP + 10MP,A12Z Bionic,"7,812mAh",11 inches,"PKR 149,999","INR 71,900","CNY 6,399",USD 799,"AED 2,799",2020,4.0,468.0,7.0,12.0,2,7812,11.0,71900.0,149999.0,6399.0,799.0,2799.0,True,False,Apple,Premium
Apple,iPad Pro 11-inch 256GB,468g,4GB,7MP,12MP + 10MP,A12Z Bionic,"7,812mAh",11 inches,"PKR 169,999","INR 89,900","CNY 7,199",USD 899,"AED 3,199",2020,4.0,468.0,7.0,12.0,2,7812,11.0,89900.0,169999.0,7199.0,899.0,3199.0,True,False,Apple,Premium
Apple,iPad Pro 11-inch 512GB,468g,6GB,7MP,12MP + 10MP,A12Z Bionic,"7,812mAh",11 inches,"PKR 189,999","INR 109,900","CNY 7,999","USD 1,099","AED 3,699",2020,6.0,468.0,7.0,12.0,2,7812,11.0,109900.0,189999.0,7999.0,1099.0,3699.0,True,False,Apple,Ultra Premium
Apple,iPad Pro 12.9-inch 128GB,682g,6GB,7MP,12MP + 10MP,A12Z Bionic,"9,720mAh",12.9 inches,"PKR 219,999","INR 94,900","CNY 7,999",USD 999,"AED 3,799",2020,6.0,682.0,7.0,12.0,2,9720,12.9,94900.0,219999.0,7999.0,999.0,3799.0,True,False,Apple,Premium
Apple,iPad Pro 12.9-inch 256GB,682g,6GB,7MP,12MP + 10MP,A12Z Bionic,"9,720mAh",12.9 inches,"PKR 239,999","INR 109,900","CNY 8,699","USD 1,099","AED 4,199",2020,6.0,682.0,7.0,12.0,2,9720,12.9,109900.0,239999.0,8699.0,1099.0,4199.0,True,False,Apple,Ultra Premium
Apple,iPad Pro 12.9-inch 512GB,682g,6GB,7MP,12MP + 10MP,A12Z Bionic,"9,720mAh",12.9 inches,"PKR 259,999","INR 119,900","CNY 9,199","USD 1,299","AED 4,599",2020,6.0,682.0,7.0,12.0,2,9720,12.9,119900.0,259999.0,9199.0,1299.0,4599.0,True,False,Apple,Ultra Premium
Apple,iPad Pro 13-inch 128GB,708g,6GB,7MP,12MP + 10MP,A12Z Bionic,"10,307mAh",13 inches,"PKR 259,999","INR 119,900","CNY 8,699","USD 1,099","AED 4,499",2020,6.0,708.0,7.0,12.0,2,10307,13.0,119900.0,259999.0,8699.0,1099.0,4499.0,True,False,Apple,Ultra Premium
Apple,iPad Pro 13-inch 256GB,708g,6GB,7MP,12MP + 10MP,A12Z Bionic,"10,307mAh",13 inches,"PKR 279,999","INR 139,900","CNY 9,199","USD 1,199","AED 4,799",2020,6.0,708.0,7.0,12.0,2,10307,13.0,139900.0,279999.0,9199.0,1199.0,4799.0,True,False,Apple,Ultra Premium
Apple,iPad Pro 13-inch 512GB,708g,6GB,7MP,12MP + 10MP,A12Z Bionic,"10,307mAh",13 inches,"PKR 309,999","INR 159,900","CNY 9,799","USD 1,399","AED 5,299",2020,6.0,708.0,7.0,12.0,2,10307,13.0,159900.0,309999.0,9799.0,1399.0,5299.0,True,False,Apple,Ultra Premium
Apple,iPad Pro 13-inch 1TB,708g,6GB,7MP,12MP + 10MP,A12Z Bionic,"10,307mAh",13 inches,"PKR 359,999","INR 179,900","CNY 10,399","USD 1,599","AED 5,799",2020,6.0,708.0,7.0,12.0,2,10307,13.0,179900.0,359999.0,10399.0,1599.0,5799.0,True,False,Apple,Ultra Premium
Apple,iPad Pro 13-inch 2TB,708g,6GB,7MP,12MP + 10MP,A12Z Bionic,"10,307mAh",13 inches,"PKR 399,999","INR 199,900","CNY 11,199","USD 1,799","AED 6,099",2020,6.0,708.0,7.0,12.0,2,10307,13.0,199900.0,399999.0,11199.0,1799.0,6099.0,True,False,Apple,Ultra Premium
Samsung,Galaxy S24 Ultra 128GB,234g,12GB,12MP,200MP + 12MP,Exynos 2400,5000mAh,6.8 inches,"PKR 450,000","INR 104,900","CNY 7,499","USD 1,199","AED 4,899",2024,12.0,234.0,12.0,200.0,2,5000,6.8,104900.0,450000.0,7499.0,1199.0,4899.0,False,False,Exynos 2xxx (Flagship),Ultra Premium
Samsung,Galaxy S24 Ultra 256GB,234g,12GB,12MP,200MP + 12MP,Exynos 2400,5000mAh,6.8 inches,"PKR 480,000","INR 114,900","CNY 7,999","USD 1,299","AED 5,099",2024,12.0,234.0,12.0,200.0,2,5000,6.8,114900.0,480000.0,7999.0,1299.0,5099.0,False,False,Exynos 2xxx (Flagship),Ultra Premium
Samsung,Galaxy S24+ 128GB,196g,8GB,12MP,50MP + 12MP,Exynos 2400,4800mAh,6.6 inches,"PKR 400,000","INR 89,900","CNY 6,199",USD 899,"AED 3,599",2024,8.0,196.0,12.0,50.0,2,4800,6.6,89900.0,400000.0,6199.0,899.0,3599.0,False,False,Exynos 2xxx (Flagship),Premium
Samsung,Galaxy S24+ 256GB,196g,8GB,12MP,50MP + 12MP,Exynos 2400,4800mAh,6.6 inches,"PKR 430,000","INR 99,900","CNY 6,999",USD 999,"AED 3,799",2024,8.0,196.0,12.0,50.0,2,4800,6.6,99900.0,430000.0,6999.0,999.0,3799.0,False,False,Exynos 2xxx (Flagship),Premium
Samsung,Galaxy S24 128GB,168g,8GB,12MP,50MP + 12MP,Exynos 2400,4000mAh,6.1 inches,"PKR 350,000","INR 79,900","CNY 5,799",USD 799,"AED 3,299",2024,8.0,168.0,12.0,50.0,2,4000,6.1,79900.0,350000.0,5799.0,799.0,3299.0,False,False,Exynos 2xxx (Flagship),Premium
Samsung,Galaxy S24 256GB,168g,8GB,12MP,50MP + 12MP,Exynos 2400,4000mAh,6.1 inches,"PKR 380,000","INR 89,900","CNY 6,199",USD 899,"AED 3,499",2024,8.0,168.0,12.0,50.0,2,4000,6.1,89900.0,380000.0,6199.0,899.0,3499.0,False,False,Exynos 2xxx (Flagship),Premium
Samsung,Galaxy S23 Ultra 128GB,228g,12GB,12MP,200MP + 12MP,Snapdragon 8 Gen 2,5000mAh,6.8 inches,"PKR 430,000","INR 99,900","CNY 7,299","USD 1,199","AED 4,599",2023,12.0,228.0,12.0,200.0,2,5000,6.8,99900.0,430000.0,7299.0,1199.0,4599.0,False,False,Snapdragon 8 (Flagship),Premium
Samsung,Galaxy S23 Ultra 256GB,228g,12GB,12MP,200MP + 12MP,Snapdragon 8 Gen 2,5000mAh,6.8 inches,"PKR 460,000","INR 109,900","CNY 7,999","USD 1,299","AED 4,899",2023,12.0,228.0,12.0,200.0,2,5000,6.8,109900.0,460000.0,7999.0,1299.0,4899.0,False,False,Snapdragon 8 (Flagship),Ultra Premium
Samsung,Galaxy S23+ 128GB,196g,8GB,12MP,50MP + 12MP,Snapdragon 8 Gen 2,4700mAh,6.6 inches,"PKR 360,000","INR 79,900","CNY 6,199",USD 899,"AED 3,399",2023,8.0,196.0,12.0,50.0,2,4700,6.6,79900.0,360000.0,6199.0,899.0,3399.0,False,False,Snapdragon 8 (Flagship),Premium
Samsung,Galaxy S23+ 256GB,196g,8GB,12MP,50MP + 12MP,Snapdragon 8 Gen 2,4700mAh,6.6 inches,"PKR 390,000","INR 89,900","CNY 6,799",USD 999,"AED 3,599",2023,8.0,196.0,12.0,50.0,2,4700,6.6,89900.0,390000.0,6799.0,999.0,3599.0,False,False,Snapdragon 8 (Flagship),Premium
Samsung,Galaxy S23 128GB,168g,8GB,12MP,50MP + 12MP,Snapdragon 8 Gen 2,3900mAh,6.1 inches,"PKR 320,000","INR 69,900","CNY 5,499",USD 799,"AED 3,099",2023,8.0,168.0,12.0,50.0,2,3900,6.1,69900.0,320000.0,5499.0,799.0,3099.0,False,False,Snapdragon 8 (Flagship),Premium
Samsung,Galaxy S23 256GB,168g,8GB,12MP,50MP + 12MP,Snapdragon 8 Gen 2,3900mAh,6.1 inches,"PKR 350,000","INR 79,900","CNY 5,999",USD 899,"AED 3,299",2023,8.0,168.0,12.0,50.0,2,3900,6.1,79900.0,350000.0,5999.0,899.0,3299.0,False,False,Snapdragon 8 (Flagship),Premium
Samsung,Galaxy S22 Ultra 128GB,228g,12GB,10MP,108MP + 12MP,Exynos 2200,5000mAh,6.8 inches,"PKR 420,000","INR 94,900","CNY 6,599","USD 1,099","AED 4,499",2022,12.0,228.0,10.0,108.0,2,5000,6.8,94900.0,420000.0,6599.0,1099.0,4499.0,False,False,Exynos 2xxx (Flagship),Premium
Samsung,Galaxy S22 Ultra 256GB,228g,12GB,10MP,108MP + 12MP,Exynos 2200,5000mAh,6.8 inches,"PKR 450,000","INR 104,900","CNY 7,199","USD 1,199","AED 4,799",2022,12.0,228.0,10.0,108.0,2,5000,6.8,104900.0,450000.0,7199.0,1199.0,4799.0,False,False,Exynos 2xxx (Flagship),Ultra Premium
Samsung,Galaxy S22+ 128GB,195g,8GB,10MP,50MP + 12MP,Exynos 2200,4500mAh,6.6 inches,"PKR 350,000","INR 79,900","CNY 5,999",USD 799,"AED 3,299",2022,8.0,195.0,10.0,50.0,2,4500,6.6,79900.0,350000.0,5999.0,799.0,3299.0,False,False,Exynos 2xxx (Flagship),Premium
Samsung,Galaxy S22+ 256GB,195g,8GB,10MP,50MP + 12MP,Exynos 2200,4500mAh,6.6 inches,"PKR 380,000","INR 89,900","CNY 6,499",USD 899,"AED 3,599",2022,8.0,195.0,10.0,50.0,2,4500,6.6,89900.0,380000.0,6499.0,899.0,3599.0,False,False,Exynos 2xxx (Flagship),Premium
Samsung,Galaxy S22 128GB,167g,8GB,10MP,50MP + 12MP,Exynos 2200,3800mAh,6.1 inches,"PKR 300,000","INR 69,900","CNY 5,499",USD 699,"AED 2,999",2022,8.0,167.0,10.0,50.0,2,3800,6.1,69900.0,300000.0,5499.0,699.0,2999.0,False,False,Exynos 2xxx (Flagship),Premium
Samsung,Galaxy S22 256GB,167g,8GB,10MP,50MP + 12MP,Exynos 2200,3800mAh,6.1 inches,"PKR 330,000","INR 79,900","CNY 5,999",USD 799,"AED 3,199",2022,8.0,167.0,10.0,50.0,2,3800,6.1,79900.0,330000.0,5999.0,799.0,3199.0,False,False,Exynos 2xxx (Flagship),Premium
Samsung,Galaxy Z Fold 5 256GB,254g,12GB,10MP,50MP + 12MP,Snapdragon 8 Gen 2,4400mAh,7.6 inches,"PKR 500,000","INR 154,900","CNY 11,999","USD 1,799","AED 6,999",2023,12.0,254.0,10.0,50.0,2,4400,7.6,154900.0,500000.0,11999.0,1799.0,6999.0,False,True,Snapdragon 8 (Flagship),Ultra Premium
Samsung,Galaxy Z Fold 5 512GB,254g,12GB,10MP,50MP + 12MP,Snapdragon 8 Gen 2,4400mAh,7.6 inches,"PKR 550,000","INR 174,900","CNY 12,999","USD 1,899","AED 7,499",2023,12.0,254.0,10.0,50.0,2,4400,7.6,174900.0,550000.0,12999.0,1899.0,7499.0,False,True,Snapdragon 8 (Flagship),Ultra Premium
Samsung,Galaxy Z Flip 5 256GB,187g,8GB,12MP,12MP + 12MP,Snapdragon 8 Gen 2,3700mAh,6.7 inches,"PKR 350,000","INR 94,900","CNY 7,999",USD 999,"AED 4,099",2023,8.0,187.0,12.0,12.0,2,3700,6.7,94900.0,350000.0,7999.0,999.0,4099.0,False,True,Snapdragon 8 (Flagship),Premium
Samsung,Galaxy Z Flip 5 512GB,187g,8GB,12MP,12MP + 12MP,Snapdragon 8 Gen 2,3700mAh,6.7 inches,"PKR 380,000","INR 104,900","CNY 8,999","USD 1,099","AED 4,399",2023,8.0,187.0,12.0,12.0,2,3700,6.7,104900.0,380000.0,8999.0,1099.0,4399.0,False,True,Snapdragon 8 (Flagship),Ultra Premium
Samsung,Galaxy Z Fold 4 256GB,263g,12GB,10MP,50MP + 12MP,Snapdragon 8 Gen 1,4400mAh,7.6 inches,"PKR 480,000","INR 134,900","CNY 10,999","USD 1,799","AED 6,499",2022,12.0,263.0,10.0,50.0,2,4400,7.6,134900.0,480000.0,10999.0,1799.0,6499.0,False,True,Snapdragon 8 (Flagship),Ultra Premium
Samsung,Galaxy Z Fold 4 512GB,263g,12GB,10MP,50MP + 12MP,Snapdragon 8 Gen 1,4400mAh,7.6 inches,"PKR 530,000","INR 154,900","CNY 11,999","USD 1,899","AED 7,099",2022,12.0,263.0,10.0,50.0,2,4400,7.6,154900.0,530000.0,11999.0,1899.0,7099.0,False,True,Snapdragon 8 (Flagship),Ultra Premium
Samsung,Galaxy Z Flip 4 256GB,187g,8GB,10MP,12MP + 12MP,Snapdragon 8 Gen 1,3700mAh,6.7 inches,"PKR 320,000","INR 84,900","CNY 6,999",USD 999,"AED 3,799",2022,8.0,187.0,10.0,12.0,2,3700,6.7,84900.0,320000.0,6999.0,999.0,3799.0,False,True,Snapdragon 8 (Flagship),Premium
Samsung,Galaxy Z Flip 4 512GB,187g,8GB,10MP,12MP + 12MP,Snapdragon 8 Gen 1,3700mAh,6.7 inches,"PKR 350,000","INR 94,900","CNY 7,999","USD 1,099","AED 4,099",2022,8.0,187.0,10.0,12.0,2,3700,6.7,94900.0,350000.0,7999.0,1099.0,4099.0,False,True,Snapdragon 8 (Flagship),Premium
Samsung,Galaxy A54 128GB,189g,6GB,32MP,50MP + 12MP,Exynos 1380,5000mAh,6.4 inches,"PKR 85,000","INR 27,999","CNY 2,199",USD 399,"AED 1,399",2023,6.0,189.0,32.0,50.0,2,5000,6.4,27999.0,85000.0,2199.0,399.0,1399.0,False,False,Exynos 1xxx (Mid),Mid-Range
Samsung,Galaxy A54 256GB,189g,6GB,32MP,50MP + 12MP,Exynos 1380,5000mAh,6.4 inches,"PKR 95,000","INR 32,999","CNY 2,499",USD 449,"AED 1,499",2023,6.0,189.0,32.0,50.0,2,5000,6.4,32999.0,95000.0,2499.0,449.0,1499.0,False,False,Exynos 1xxx (Mid),Upper Mid-Range
Samsung,Galaxy A34 128GB,199g,6GB,13MP,48MP + 8MP,MediaTek Dimensity 1080,5000mAh,6.6 inches,"PKR 75,000","INR 22,999","CNY 1,799",USD 349,"AED 1,299",2023,6.0,199.0,13.0,48.0,2,5000,6.6,22999.0,75000.0,1799.0,349.0,1299.0,False,False,Dimensity 6xx-1xxx (Entry-Mid),Mid-Range
Samsung,Galaxy A34 256GB,199g,6GB,13MP,48MP + 8MP,MediaTek Dimensity 1080,5000mAh,6.6 inches,"PKR 85,000","INR 27,999","CNY 1,999",USD 399,"AED 1,399",2023,6.0,199.0,13.0,48.0,2,5000,6.6,27999.0,85000.0,1999.0,399.0,1399.0,False,False,Dimensity 6xx-1xxx (Entry-Mid),Mid-Range
Samsung,Galaxy A24 128GB,195g,6GB,13MP,50MP + 5MP,MediaTek Helio G99,5000mAh,6.5 inches,"PKR 70,000","INR 19,999","CNY 1,599",USD 299,"AED 1,199",2023,6.0,195.0,13.0,50.0,2,5000,6.5,19999.0,70000.0,1599.0,299.0,1199.0,False,False,Helio G9x (Mid-Budget),Mid-Range
Samsung,Galaxy A24 256GB,195g,6GB,13MP,50MP + 5MP,MediaTek Helio G99,5000mAh,6.5 inches,"PKR 80,000","INR 24,999","CNY 1,799",USD 349,"AED 1,299",2023,6.0,195.0,13.0,50.0,2,5000,6.5,24999.0,80000.0,1799.0,349.0,1299.0,False,False,Helio G9x (Mid-Budget),Mid-Range
Samsung,Galaxy A14 128GB,190g,4GB,13MP,50MP + 2MP,Exynos 850,5000mAh,6.6 inches,"PKR 60,000","INR 18,499","CNY 1,499",USD 249,"AED 1,099",2023,4.0,190.0,13.0,50.0,2,5000,6.6,18499.0,60000.0,1499.0,249.0,1099.0,False,False,Exynos 7xx-9xx (Budget-Mid),Mid-Range
Samsung,Galaxy A14 256GB,190g,4GB,13MP,50MP + 2MP,Exynos 850,5000mAh,6.6 inches,"PKR 70,000","INR 21,999","CNY 1,699",USD 299,"AED 1,199",2023,4.0,190.0,13.0,50.0,2,5000,6.6,21999.0,70000.0,1699.0,299.0,1199.0,False,False,Exynos 7xx-9xx (Budget-Mid),Mid-Range
Samsung,Galaxy A04 64GB,188g,4GB,5MP,50MP + 2MP,Exynos 850,5000mAh,6.5 inches,"PKR 50,000","INR 14,999","CNY 1,199",USD 199,AED 899,2022,4.0,188.0,5.0,50.0,2,5000,6.5,14999.0,50000.0,1199.0,199.0,899.0,False,False,Exynos 7xx-9xx (Budget-Mid),Budget
Samsung,Galaxy A04 128GB,188g,4GB,5MP,50MP + 2MP,Exynos 850,5000mAh,6.5 inches,"PKR 60,000","INR 18,499","CNY 1,399",USD 249,AED 999,2022,4.0,188.0,5.0,50.0,2,5000,6.5,18499.0,60000.0,1399.0,249.0,999.0,False,False,Exynos 7xx-9xx (Budget-Mid),Mid-Range
Samsung,Galaxy M54 128GB,202g,8GB,32MP,108MP + 8MP,Exynos 1380,6000mAh,6.7 inches,"PKR 95,000","INR 23,999","CNY 2,099",USD 349,"AED 1,299",2023,8.0,202.0,32.0,108.0,2,6000,6.7,23999.0,95000.0,2099.0,349.0,1299.0,False,False,Exynos 1xxx (Mid),Mid-Range
Samsung,Galaxy M54 256GB,202g,8GB,32MP,108MP + 8MP,Exynos 1380,6000mAh,6.7 inches,"PKR 105,000","INR 26,999","CNY 2,299",USD 399,"AED 1,399",2023,8.0,202.0,32.0,108.0,2,6000,6.7,26999.0,105000.0,2299.0,399.0,1399.0,False,False,Exynos 1xxx (Mid),Mid-Range
Samsung,Galaxy M34 128GB,199g,6GB,13MP,50MP + 8MP,Exynos 1280,6000mAh,6.5 inches,"PKR 70,000","INR 17,999","CNY 1,699",USD 299,"AED 1,099",2023,6.0,199.0,13.0,50.0,2,6000,6.5,17999.0,70000.0,1699.0,299.0,1099.0,False,False,Exynos 1xxx (Mid),Mid-Range
Samsung,Galaxy M34 256GB,199g,6GB,13MP,50MP + 8MP,Exynos 1280,6000mAh,6.5 inches,"PKR 80,000","INR 20,999","CNY 1,999",USD 349,"AED 1,199",2023,6.0,199.0,13.0,50.0,2,6000,6.5,20999.0,80000.0,1999.0,349.0,1199.0,False,False,Exynos 1xxx (Mid),Mid-Range
Samsung,Galaxy M14 128GB,202g,4GB,13MP,50MP + 2MP,Exynos 850,6000mAh,6.6 inches,"PKR 60,000","INR 14,999","CNY 1,399",USD 249,AED 999,2023,4.0,202.0,13.0,50.0,2,6000,6.6,14999.0,60000.0,1399.0,249.0,999.0,False,False,Exynos 7xx-9xx (Budget-Mid),Budget
Samsung,Galaxy M14 256GB,202g,4GB,13MP,50MP + 2MP,Exynos 850,6000mAh,6.6 inches,"PKR 70,000","INR 17,999","CNY 1,599",USD 299,"AED 1,099",2023,4.0,202.0,13.0,50.0,2,6000,6.6,17999.0,70000.0,1599.0,299.0,1099.0,False,False,Exynos 7xx-9xx (Budget-Mid),Mid-Range
Samsung,Galaxy M04 64GB,188g,4GB,5MP,13MP + 2MP,MediaTek Helio P35,5000mAh,6.5 inches,"PKR 50,000","INR 12,999","CNY 1,099",USD 199,AED 899,2022,4.0,188.0,5.0,13.0,2,5000,6.5,12999.0,50000.0,1099.0,199.0,899.0,False,False,Helio P/A (Budget),Budget
Samsung,Galaxy M04 128GB,188g,4GB,5MP,13MP + 2MP,MediaTek Helio P35,5000mAh,6.5 inches,"PKR 60,000","INR 15,999","CNY 1,299",USD 249,AED 999,2022,4.0,188.0,5.0,13.0,2,5000,6.5,15999.0,60000.0,1299.0,249.0,999.0,False,False,Helio P/A (Budget),Mid-Range
Samsung,Galaxy F54 128GB,199g,8GB,32MP,108MP + 8MP,Exynos 1380,6000mAh,6.7 inches,"PKR 85,000","INR 23,999","CNY 2,199",USD 349,"AED 1,299",2023,8.0,199.0,32.0,108.0,2,6000,6.7,23999.0,85000.0,2199.0,349.0,1299.0,False,False,Exynos 1xxx (Mid),Mid-Range
Samsung,Galaxy F54 256GB,199g,8GB,32MP,108MP + 8MP,Exynos 1380,6000mAh,6.7 inches,"PKR 95,000","INR 26,999","CNY 2,399",USD 399,"AED 1,399",2023,8.0,199.0,32.0,108.0,2,6000,6.7,26999.0,95000.0,2399.0,399.0,1399.0,False,False,Exynos 1xxx (Mid),Mid-Range
Samsung,Galaxy F34 128GB,190g,6GB,13MP,50MP + 8MP,Exynos 1280,6000mAh,6.5 inches,"PKR 70,000","INR 18,999","CNY 1,799",USD 299,"AED 1,099",2023,6.0,190.0,13.0,50.0,2,6000,6.5,18999.0,70000.0,1799.0,299.0,1099.0,False,False,Exynos 1xxx (Mid),Mid-Range
Samsung,Galaxy F34 256GB,190g,6GB,13MP,50MP + 8MP,Exynos 1280,6000mAh,6.5 inches,"PKR 80,000","INR 21,999","CNY 1,999",USD 349,"AED 1,199",2023,6.0,190.0,13.0,50.0,2,6000,6.5,21999.0,80000.0,1999.0,349.0,1199.0,False,False,Exynos 1xxx (Mid),Mid-Range
Samsung,Galaxy F14 128GB,198g,4GB,13MP,50MP + 2MP,Exynos 850,6000mAh,6.6 inches,"PKR 60,000","INR 14,999","CNY 1,399",USD 249,AED 999,2023,4.0,198.0,13.0,50.0,2,6000,6.6,14999.0,60000.0,1399.0,249.0,999.0,False,False,Exynos 7xx-9xx (Budget-Mid),Budget
Samsung,Galaxy F14 256GB,198g,4GB,13MP,50MP + 2MP,Exynos 850,6000mAh,6.6 inches,"PKR 70,000","INR 17,999","CNY 1,599",USD 299,"AED 1,099",2023,4.0,198.0,13.0,50.0,2,6000,6.6,17999.0,70000.0,1599.0,299.0,1099.0,False,False,Exynos 7xx-9xx (Budget-Mid),Mid-Range
Samsung,Galaxy Note 20 Ultra 128GB,208g,12GB,10MP,108MP + 12MP,Exynos 990,4500mAh,6.9 inches,"PKR 180,000","INR 99,999","CNY 7,999","USD 1,299","AED 4,499",2020,12.0,208.0,10.0,108.0,2,4500,6.9,99999.0,180000.0,7999.0,1299.0,4499.0,False,False,Exynos 7xx-9xx (Budget-Mid),Premium
Samsung,Galaxy Note 20 Ultra 256GB,208g,12GB,10MP,108MP + 12MP,Exynos 990,4500mAh,6.9 inches,"PKR 200,000","INR 1,04,999","CNY 8,499","USD 1,399","AED 4,999",2020,12.0,208.0,10.0,108.0,2,4500,6.9,104999.0,200000.0,8499.0,1399.0,4999.0,False,False,Exynos 7xx-9xx (Budget-Mid),Ultra Premium
Samsung,Galaxy Note 20 128GB,192g,8GB,10MP,108MP + 12MP,Exynos 990,4300mAh,6.7 inches,"PKR 150,000","INR 77,999","CNY 6,499",USD 999,"AED 3,999",2020,8.0,192.0,10.0,108.0,2,4300,6.7,77999.0,150000.0,6499.0,999.0,3999.0,False,False,Exynos 7xx-9xx (Budget-Mid),Premium
Samsung,Galaxy Note 20 256GB,192g,8GB,10MP,108MP + 12MP,Exynos 990,4300mAh,6.7 inches,"PKR 170,000","INR 89,999","CNY 7,099","USD 1,099","AED 4,199",2020,8.0,192.0,10.0,108.0,2,4300,6.7,89999.0,170000.0,7099.0,1099.0,4199.0,False,False,Exynos 7xx-9xx (Budget-Mid),Premium
Samsung,Galaxy Note 10+ 256GB,196g,12GB,10MP,12MP + 16MP,Exynos 9825,4300mAh,6.8 inches,"PKR 160,000","INR 74,999","CNY 6,299","USD 1,099","AED 3,899",2019,12.0,196.0,10.0,12.0,2,4300,6.8,74999.0,160000.0,6299.0,1099.0,3899.0,False,False,Exynos 7xx-9xx (Budget-Mid),Premium
Samsung,Galaxy Note 10+ 512GB,196g,12GB,10MP,12MP + 16MP,Exynos 9825,4300mAh,6.8 inches,"PKR 180,000","INR 84,999","CNY 6,999","USD 1,199","AED 4,199",2019,12.0,196.0,10.0,12.0,2,4300,6.8,84999.0,180000.0,6999.0,1199.0,4199.0,False,False,Exynos 7xx-9xx (Budget-Mid),Premium
Samsung,Galaxy Note 10 256GB,168g,8GB,10MP,12MP + 16MP,Exynos 9825,3500mAh,6.3 inches,"PKR 140,000","INR 64,999","CNY 5,699",USD 949,"AED 3,699",2019,8.0,168.0,10.0,12.0,2,3500,6.3,64999.0,140000.0,5699.0,949.0,3699.0,False,False,Exynos 7xx-9xx (Budget-Mid),Premium
Samsung,Galaxy Note 10 128GB,168g,8GB,10MP,12MP + 16MP,Exynos 9825,3500mAh,6.3 inches,"PKR 120,000","INR 59,999","CNY 5,199",USD 899,"AED 3,399",2019,8.0,168.0,10.0,12.0,2,3500,6.3,59999.0,120000.0,5199.0,899.0,3399.0,False,False,Exynos 7xx-9xx (Budget-Mid),Upper Mid-Range
Samsung,Galaxy Xcover 6 Pro 128GB,235g,6GB,13MP,50MP,Exynos 1380,4050mAh,6.6 inches,"PKR 75,000","INR 28,999","CNY 2,299",USD 499,"AED 1,699",2022,6.0,235.0,13.0,50.0,1,4050,6.6,28999.0,75000.0,2299.0,499.0,1699.0,False,False,Exynos 1xxx (Mid),Mid-Range
Samsung,Galaxy Xcover 5 64GB,172g,4GB,5MP,16MP,Exynos 850,3000mAh,5.3 inches,"PKR 50,000","INR 17,499","CNY 1,299",USD 249,AED 899,2020,4.0,172.0,5.0,16.0,1,3000,5.3,17499.0,50000.0,1299.0,249.0,899.0,False,False,Exynos 7xx-9xx (Budget-Mid),Mid-Range
Samsung,Galaxy J8 64GB,191g,4GB,16MP,16MP + 5MP,Snapdragon 450,3500mAh,6.0 inches,"PKR 45,000","INR 18,990","CNY 1,699",USD 199,AED 799,2018,4.0,191.0,16.0,16.0,2,3500,6.0,18990.0,45000.0,1699.0,199.0,799.0,False,False,Snapdragon 4/5 (Entry-Mid),Mid-Range
Samsung,Galaxy J7 Pro 64GB,181g,3GB,13MP,13MP,Exynos 7870,3600mAh,5.5 inches,"PKR 40,000","INR 18,990","CNY 1,599",USD 179,AED 699,2017,3.0,181.0,13.0,13.0,1,3600,5.5,18990.0,40000.0,1599.0,179.0,699.0,False,False,Exynos 7xx-9xx (Budget-Mid),Mid-Range
Samsung,Galaxy J6+ 64GB,178g,4GB,8MP,13MP + 5MP,Snapdragon 425,3300mAh,6.0 inches,"PKR 40,000","INR 15,999","CNY 1,499",USD 169,AED 699,2018,4.0,178.0,8.0,13.0,2,3300,6.0,15999.0,40000.0,1499.0,169.0,699.0,False,False,Snapdragon 4/5 (Entry-Mid),Mid-Range
Samsung,Galaxy J4 16GB,175g,2GB,5MP,13MP,Exynos 7570,3000mAh,5.5 inches,"PKR 25,000","INR 9,990",CNY 999,USD 129,AED 499,2018,2.0,175.0,5.0,13.0,1,3000,5.5,9990.0,25000.0,999.0,129.0,499.0,False,False,Exynos 7xx-9xx (Budget-Mid),Budget
Samsung,Galaxy C9 Pro 64GB,189g,6GB,16MP,16MP + 8MP,Snapdragon 653,4000mAh,6.0 inches,"PKR 65,000","INR 32,990","CNY 3,099",USD 399,"AED 1,299",2016,6.0,189.0,16.0,16.0,2,4000,6.0,32990.0,65000.0,3099.0,399.0,1299.0,False,False,Snapdragon 6 (Mid),Upper Mid-Range
Samsung,Galaxy C7 Pro 64GB,165g,4GB,16MP,16MP,Snapdragon 625,3300mAh,5.7 inches,"PKR 50,000","INR 22,990","CNY 2,499",USD 299,AED 999,2017,4.0,165.0,16.0,16.0,1,3300,5.7,22990.0,50000.0,2499.0,299.0,999.0,False,False,Snapdragon 6 (Mid),Mid-Range
Samsung,Galaxy C5 32GB,143g,4GB,8MP,16MP,Snapdragon 617,2600mAh,5.2 inches,"PKR 40,000","INR 19,990","CNY 1,899",USD 249,AED 799,2016,4.0,143.0,8.0,16.0,1,2600,5.2,19990.0,40000.0,1899.0,249.0,799.0,False,False,Snapdragon 6 (Mid),Mid-Range
Samsung,Galaxy W22 5G 256GB,228g,12GB,10MP,108MP + 12MP,Snapdragon 888,4500mAh,7.6 inches,"PKR 280,000","INR 99,999","CNY 10,999","USD 1,499","AED 5,499",2021,12.0,228.0,10.0,108.0,2,4500,7.6,99999.0,280000.0,10999.0,1499.0,5499.0,False,False,Snapdragon 8 (Flagship),Premium
Samsung,Galaxy W21 5G 256GB,229g,12GB,10MP,108MP + 12MP,Snapdragon 888,4500mAh,7.6 inches,"PKR 260,000","INR 89,999","CNY 9,999","USD 1,399","AED 4,999",2020,12.0,229.0,10.0,108.0,2,4500,7.6,89999.0,260000.0,9999.0,1399.0,4999.0,False,False,Snapdragon 8 (Flagship),Premium
Samsung,Galaxy Tab S9 Ultra 256GB,732g,12GB,12MP + 12MP,13MP + 8MP,Snapdragon 8 Gen 2,11200mAh,14.6 inches,"PKR 350,000","INR 1,14,999","CNY 9,999","USD 1,199","AED 4,499",2023,12.0,732.0,12.0,13.0,2,11200,14.6,114999.0,350000.0,9999.0,1199.0,4499.0,True,False,Snapdragon 8 (Flagship),Ultra Premium
Samsung,Galaxy Tab S9+ 256GB,586g,12GB,12MP,13MP + 8MP,Snapdragon 8 Gen 2,10090mAh,12.4 inches,"PKR 280,000","INR 99,999","CNY 8,799",USD 999,"AED 3,999",2023,12.0,586.0,12.0,13.0,2,10090,12.4,99999.0,280000.0,8799.0,999.0,3999.0,True,False,Snapdragon 8 (Flagship),Premium
Samsung,Galaxy Tab S9 128GB,498g,8GB,12MP,13MP,Snapdragon 8 Gen 2,8400mAh,11 inches,"PKR 230,000","INR 85,999","CNY 7,299",USD 799,"AED 3,299",2023,8.0,498.0,12.0,13.0,1,8400,11.0,85999.0,230000.0,7299.0,799.0,3299.0,True,False,Snapdragon 8 (Flagship),Premium
Samsung,Galaxy Tab S9 FE 128GB,523g,6GB,12MP,8MP,Exynos 1380,8000mAh,10.9 inches,"PKR 150,000","INR 49,999","CNY 5,499",USD 549,"AED 1,999",2023,6.0,523.0,12.0,8.0,1,8000,10.9,49999.0,150000.0,5499.0,549.0,1999.0,True,False,Exynos 1xxx (Mid),Upper Mid-Range
Samsung,Galaxy Tab S8 Ultra 256GB,726g,12GB,12MP + 12MP,13MP + 6MP,Snapdragon 8 Gen 1,11200mAh,14.6 inches,"PKR 320,000","INR 1,09,999","CNY 9,499","USD 1,099","AED 4,299",2022,12.0,726.0,12.0,13.0,2,11200,14.6,109999.0,320000.0,9499.0,1099.0,4299.0,True,False,Snapdragon 8 (Flagship),Ultra Premium
Samsung,Galaxy Tab S8+ 256GB,567g,8GB,12MP,13MP + 6MP,Snapdragon 8 Gen 1,10090mAh,12.4 inches,"PKR 250,000","INR 94,999","CNY 8,299",USD 899,"AED 3,699",2022,8.0,567.0,12.0,13.0,2,10090,12.4,94999.0,250000.0,8299.0,899.0,3699.0,True,False,Snapdragon 8 (Flagship),Premium
Samsung,Galaxy Tab S8 128GB,503g,8GB,12MP,13MP + 6MP,Snapdragon 8 Gen 1,8000mAh,11 inches,"PKR 200,000","INR 74,999","CNY 6,999",USD 699,"AED 2,999",2022,8.0,503.0,12.0,13.0,2,8000,11.0,74999.0,200000.0,6999.0,699.0,2999.0,True,False,Snapdragon 8 (Flagship),Premium
Samsung,Galaxy Tab A9+ 128GB,480g,8GB,5MP,8MP,Snapdragon 695,7040mAh,11 inches,"PKR 100,000","INR 22,999","CNY 1,799",USD 229,AED 899,2023,8.0,480.0,5.0,8.0,1,7040,11.0,22999.0,100000.0,1799.0,229.0,899.0,True,False,Snapdragon 6 (Mid),Mid-Range
Samsung,Galaxy Tab A9 64GB,366g,4GB,2MP,8MP,MediaTek Helio G99,5100mAh,8.7 inches,"PKR 75,000","INR 16,999","CNY 1,299",USD 179,AED 699,2023,4.0,366.0,2.0,8.0,1,5100,8.7,16999.0,75000.0,1299.0,179.0,699.0,True,False,Helio G9x (Mid-Budget),Mid-Range
Samsung,Galaxy Tab A8 64GB,508g,4GB,5MP,8MP,Unisoc T618,7040mAh,10.5 inches,"PKR 68,000","INR 17,999","CNY 1,499",USD 199,AED 799,2022,4.0,508.0,5.0,8.0,1,7040,10.5,17999.0,68000.0,1499.0,199.0,799.0,True,False,Unisoc (Budget),Mid-Range
Samsung,Galaxy Tab A7 Lite 32GB,366g,3GB,2MP,8MP,MediaTek Helio P22T,5100mAh,8.7 inches,"PKR 40,000","INR 11,999",CNY 999,USD 149,AED 599,2021,3.0,366.0,2.0,8.0,1,5100,8.7,11999.0,40000.0,999.0,149.0,599.0,True,False,Helio P/A (Budget),Budget
Samsung,Galaxy Tab Active 5 128GB,433g,6GB,5MP,13MP,Exynos 1380,5050mAh,8 inches,"PKR 150,000","INR 54,999","CNY 3,699",USD 549,"AED 2,199",2024,6.0,433.0,5.0,13.0,1,5050,8.0,54999.0,150000.0,3699.0,549.0,2199.0,True,False,Exynos 1xxx (Mid),Upper Mid-Range
Samsung,Galaxy Tab Active 4 Pro 128GB,674g,6GB,8MP,13MP,Snapdragon 778G,7600mAh,10.1 inches,"PKR 180,000","INR 64,999","CNY 4,299",USD 649,"AED 2,599",2022,6.0,674.0,8.0,13.0,1,7600,10.1,64999.0,180000.0,4299.0,649.0,2599.0,True,False,Snapdragon 7 (Upper-Mid),Premium
Samsung,Galaxy Tab Active 3 64GB,426g,4GB,5MP,13MP,Exynos 9810,5050mAh,8 inches,"PKR 120,000","INR 44,999","CNY 2,999",USD 499,"AED 1,899",2020,4.0,426.0,5.0,13.0,1,5050,8.0,44999.0,120000.0,2999.0,499.0,1899.0,True,False,Exynos 7xx-9xx (Budget-Mid),Upper Mid-Range
Samsung,Galaxy Tab E 10.1 16GB,490g,1.5GB,2MP,5MP,Spreadtrum SC8830,5000mAh,10.1 inches,"PKR 35,000","INR 9,999",CNY 899,USD 129,AED 499,2016,1.5,490.0,2.0,5.0,1,5000,10.1,9999.0,35000.0,899.0,129.0,499.0,True,False,Unisoc (Budget),Budget
Samsung,Galaxy Tab E 8.0 16GB,360g,1.5GB,2MP,5MP,Qualcomm MSM8916,5000mAh,8 inches,"PKR 28,000","INR 8,499",CNY 799,USD 99,AED 399,2016,1.5,360.0,2.0,5.0,1,5000,8.0,8499.0,28000.0,799.0,99.0,399.0,True,False,Other,Budget
OnePlus,OnePlus 12 256GB,205g,12GB,32MP,50MP + 48MP,Snapdragon 8 Gen 3,5000mAh,6.7 inches,"PKR 219,999","INR 74,999","CNY 5,999",USD 799,"AED 3,199",2024,12.0,205.0,32.0,50.0,2,5000,6.7,74999.0,219999.0,5999.0,799.0,3199.0,False,False,Snapdragon 8 (Flagship),Premium
OnePlus,OnePlus 12R 256GB,203g,12GB,16MP,50MP + 8MP,Snapdragon 8 Gen 2,4500mAh,6.7 inches,"PKR 169,999","INR 49,999","CNY 4,299",USD 699,"AED 2,599",2024,12.0,203.0,16.0,50.0,2,4500,6.7,49999.0,169999.0,4299.0,699.0,2599.0,False,False,Snapdragon 8 (Flagship),Upper Mid-Range
OnePlus,OnePlus 11 256GB,205g,12GB,16MP,50MP + 48MP,Snapdragon 8 Gen 1,5000mAh,6.7 inches,"PKR 179,999","INR 54,999","CNY 4,999",USD 699,"AED 2,799",2023,12.0,205.0,16.0,50.0,2,5000,6.7,54999.0,179999.0,4999.0,699.0,2799.0,False,False,Snapdragon 8 (Flagship),Upper Mid-Range
OnePlus,OnePlus 11R 256GB,202g,12GB,16MP,50MP + 8MP,Snapdragon 8 Gen 1,5000mAh,6.7 inches,"PKR 159,999","INR 44,999","CNY 3,799",USD 599,"AED 2,499",2023,12.0,202.0,16.0,50.0,2,5000,6.7,44999.0,159999.0,3799.0,599.0,2499.0,False,False,Snapdragon 8 (Flagship),Upper Mid-Range
OnePlus,OnePlus Nord 3 256GB,190g,12GB,16MP,50MP + 8MP,MediaTek Dimensity 9000,5000mAh,6.74 inches,"PKR 119,999","INR 34,999","CNY 3,499",USD 499,"AED 1,999",2023,12.0,190.0,16.0,50.0,2,5000,6.74,34999.0,119999.0,3499.0,499.0,1999.0,False,False,Dimensity 9xxx (Flagship),Upper Mid-Range
OnePlus,OnePlus Nord CE 3 128GB,179g,8GB,16MP,50MP + 2MP,Snapdragon 782G,5000mAh,6.72 inches,"PKR 85,000","INR 22,999","CNY 2,799",USD 399,"AED 1,499",2023,8.0,179.0,16.0,50.0,2,5000,6.72,22999.0,85000.0,2799.0,399.0,1499.0,False,False,Snapdragon 7 (Upper-Mid),Mid-Range
OnePlus,OnePlus Nord CE 3 Lite 128GB,195g,8GB,16MP,108MP,Snapdragon 695,5000mAh,6.72 inches,"PKR 59,999","INR 17,999","CNY 2,099",USD 299,"AED 1,199",2023,8.0,195.0,16.0,108.0,1,5000,6.72,17999.0,59999.0,2099.0,299.0,1199.0,False,False,Snapdragon 6 (Mid),Mid-Range
OnePlus,OnePlus Nord N30 5G 128GB,192g,8GB,16MP,64MP + 2MP,MediaTek Dimensity 6020,5000mAh,6.72 inches,"PKR 55,000","INR 16,999","CNY 1,999",USD 249,AED 999,2023,8.0,192.0,16.0,64.0,2,5000,6.72,16999.0,55000.0,1999.0,249.0,999.0,False,False,Dimensity 6xx-1xxx (Entry-Mid),Mid-Range
OnePlus,OnePlus Open 256GB,238g,16GB,32MP,48MP + 48MP,Snapdragon 8 Gen 2,4800mAh,7.8 inches,"PKR 299,999","INR 74,999","CNY 6,999","USD 1,099","AED 4,299",2024,16.0,238.0,32.0,48.0,2,4800,7.8,74999.0,299999.0,6999.0,1099.0,4299.0,False,True,Snapdragon 8 (Flagship),Premium
OnePlus,OnePlus 10 Pro 256GB,200g,12GB,32MP,50MP + 48MP,Snapdragon 8 Gen 1,5000mAh,6.7 inches,"PKR 199,999","INR 64,999","CNY 4,999",USD 899,"AED 3,299",2022,12.0,200.0,32.0,50.0,2,5000,6.7,64999.0,199999.0,4999.0,899.0,3299.0,False,False,Snapdragon 8 (Flagship),Premium
OnePlus,OnePlus 10T 256GB,203g,12GB,16MP,50MP + 8MP,Snapdragon 8+ Gen 1,4500mAh,6.7 inches,"PKR 179,999","INR 54,999","CNY 4,699",USD 749,"AED 2,899",2022,12.0,203.0,16.0,50.0,2,4500,6.7,54999.0,179999.0,4699.0,749.0,2899.0,False,False,Snapdragon 8 (Flagship),Upper Mid-Range
OnePlus,OnePlus 9 Pro 256GB,192g,12GB,16MP,48MP + 50MP,Snapdragon 888,4500mAh,6.7 inches,"PKR 179,999","INR 59,999","CNY 4,199",USD 699,"AED 2,799",2021,12.0,192.0,16.0,48.0,2,4500,6.7,59999.0,179999.0,4199.0,699.0,2799.0,False,False,Snapdragon 8 (Flagship),Upper Mid-Range
OnePlus,OnePlus 9 128GB,183g,8GB,16MP,48MP + 50MP,Snapdragon 888,4500mAh,6.55 inches,"PKR 149,999","INR 39,999","CNY 3,699",USD 599,"AED 2,299",2021,8.0,183.0,16.0,48.0,2,4500,6.55,39999.0,149999.0,3699.0,599.0,2299.0,False,False,Snapdragon 8 (Flagship),Upper Mid-Range
OnePlus,OnePlus 11 Pro 256GB,204g,16GB,32MP,50MP + 48MP,Snapdragon 8 Gen 2,5000mAh,6.7 inches,"PKR 219,999","INR 74,999","CNY 6,399",USD 899,"AED 3,599",2023,16.0,204.0,32.0,50.0,2,5000,6.7,74999.0,219999.0,6399.0,899.0,3599.0,False,False,Snapdragon 8 (Flagship),Premium
OnePlus,OnePlus Nord 2T 128GB,190g,8GB,32MP,50MP + 8MP,MediaTek Dimensity 1300,4500mAh,6.43 inches,"PKR 69,999","INR 28,999","CNY 2,499",USD 399,"AED 1,699",2022,8.0,190.0,32.0,50.0,2,4500,6.43,28999.0,69999.0,2499.0,399.0,1699.0,False,False,Dimensity 6xx-1xxx (Entry-Mid),Mid-Range
OnePlus,OnePlus Nord 2 128GB,190g,8GB,32MP,50MP + 8MP,MediaTek Dimensity 1200-AI,4500mAh,6.43 inches,"PKR 59,999","INR 27,999","CNY 2,299",USD 349,"AED 1,499",2021,8.0,190.0,32.0,50.0,2,4500,6.43,27999.0,59999.0,2299.0,349.0,1499.0,False,False,Dimensity 6xx-1xxx (Entry-Mid),Mid-Range
OnePlus,OnePlus Nord N200 64GB,189g,4GB,16MP,13MP + 2MP,Snapdragon 480,5000mAh,6.49 inches,"PKR 39,999","INR 15,999","CNY 1,199",USD 199,AED 799,2021,4.0,189.0,16.0,13.0,2,5000,6.49,15999.0,39999.0,1199.0,199.0,799.0,False,False,Snapdragon 4/5 (Entry-Mid),Mid-Range
OnePlus,OnePlus Nord N100 64GB,185g,4GB,8MP,13MP + 2MP,Qualcomm Snapdragon 460,5000mAh,6.52 inches,"PKR 29,999","INR 12,999","CNY 1,099",USD 179,AED 699,2020,4.0,185.0,8.0,13.0,2,5000,6.52,12999.0,29999.0,1099.0,179.0,699.0,False,False,Snapdragon 4/5 (Entry-Mid),Budget
OnePlus,OnePlus 8T Cyberpunk 2077 Edition 256GB,188g,12GB,16MP,48MP + 16MP,Snapdragon 865,4500mAh,6.55 inches,"PKR 139,999","INR 45,999","CNY 3,699",USD 749,"AED 2,999",2020,12.0,188.0,16.0,48.0,2,4500,6.55,45999.0,139999.0,3699.0,749.0,2999.0,False,False,Snapdragon 8 (Flagship),Upper Mid-Range
OnePlus,OnePlus 9T 128GB,192g,8GB,16MP,48MP + 50MP,Snapdragon 888,4500mAh,6.55 inches,"PKR 159,999","INR 49,999","CNY 4,199",USD 649,"AED 2,799",2021,8.0,192.0,16.0,48.0,2,4500,6.55,49999.0,159999.0,4199.0,649.0,2799.0,False,False,Snapdragon 8 (Flagship),Upper Mid-Range
OnePlus,OnePlus 8T 256GB,188g,12GB,16MP,48MP + 16MP,Snapdragon 865,4500mAh,6.55 inches,"PKR 119,999","INR 42,999","CNY 3,499",USD 599,"AED 2,499",2020,12.0,188.0,16.0,48.0,2,4500,6.55,42999.0,119999.0,3499.0,599.0,2499.0,False,False,Snapdragon 8 (Flagship),Upper Mid-Range
OnePlus,OnePlus 10T 5G 256GB,203g,12GB,16MP,50MP + 8MP,Snapdragon 8+ Gen 1,4500mAh,6.7 inches,"PKR 179,999","INR 54,999","CNY 4,699",USD 749,"AED 2,899",2022,12.0,203.0,16.0,50.0,2,4500,6.7,54999.0,179999.0,4699.0,749.0,2899.0,False,False,Snapdragon 8 (Flagship),Upper Mid-Range
OnePlus,OnePlus 9R 5G 128GB,189g,8GB,16MP,48MP + 5MP,Snapdragon 870,4500mAh,6.55 inches,"PKR 159,999","INR 39,999","CNY 3,499",USD 599,"AED 2,499",2021,8.0,189.0,16.0,48.0,2,4500,6.55,39999.0,159999.0,3499.0,599.0,2499.0,False,False,Snapdragon 8 (Flagship),Upper Mid-Range
OnePlus,OnePlus 8 Pro 256GB,199g,12GB,16MP,48MP + 48MP,Snapdragon 865,4510mAh,6.78 inches,"PKR 159,999","INR 54,999","CNY 4,999",USD 749,"AED 2,999",2020,12.0,199.0,16.0,48.0,2,4510,6.78,54999.0,159999.0,4999.0,749.0,2999.0,False,False,Snapdragon 8 (Flagship),Upper Mid-Range
OnePlus,OnePlus 8 128GB,180g,8GB,16MP,48MP + 16MP,Snapdragon 865,4300mAh,6.55 inches,"PKR 119,999","INR 41,999","CNY 3,499",USD 699,"AED 2,499",2020,8.0,180.0,16.0,48.0,2,4300,6.55,41999.0,119999.0,3499.0,699.0,2499.0,False,False,Snapdragon 8 (Flagship),Upper Mid-Range
OnePlus,OnePlus Nord CE 2 Lite 128GB,195g,6GB,16MP,64MP + 2MP,MediaTek Dimensity 900,5000mAh,6.59 inches,"PKR 49,999","INR 19,999","CNY 1,799",USD 249,AED 999,2022,6.0,195.0,16.0,64.0,2,5000,6.59,19999.0,49999.0,1799.0,249.0,999.0,False,False,Dimensity 9xxx (Flagship),Mid-Range
OnePlus,OnePlus Nord CE 2 128GB,173g,8GB,16MP,64MP + 8MP,MediaTek Dimensity 1200,4500mAh,6.43 inches,"PKR 64,999","INR 23,999","CNY 2,499",USD 299,"AED 1,299",2022,8.0,173.0,16.0,64.0,2,4500,6.43,23999.0,64999.0,2499.0,299.0,1299.0,False,False,Dimensity 6xx-1xxx (Entry-Mid),Mid-Range
OnePlus,OnePlus Nord 1 128GB,184g,6GB,16MP,48MP + 5MP,Snapdragon 765G,4115mAh,6.44 inches,"PKR 49,999","INR 22,999","CNY 2,099",USD 349,"AED 1,499",2020,6.0,184.0,16.0,48.0,2,4115,6.44,22999.0,49999.0,2099.0,349.0,1499.0,False,False,Snapdragon 7 (Upper-Mid),Mid-Range
OnePlus,OnePlus Nord CE 5G 128GB,170g,6GB,16MP,64MP + 8MP,Snapdragon 750G,4500mAh,6.43 inches,"PKR 54,999","INR 24,999","CNY 2,499",USD 299,"AED 1,499",2021,6.0,170.0,16.0,64.0,2,4500,6.43,24999.0,54999.0,2499.0,299.0,1499.0,False,False,Snapdragon 7 (Upper-Mid),Mid-Range
OnePlus,OnePlus Nord 2 5G 128GB,189g,8GB,32MP,50MP + 8MP,MediaTek Dimensity 1200-AI,4500mAh,6.43 inches,"PKR 69,999","INR 27,999","CNY 2,499",USD 399,"AED 1,699",2021,8.0,189.0,32.0,50.0,2,4500,6.43,27999.0,69999.0,2499.0,399.0,1699.0,False,False,Dimensity 6xx-1xxx (Entry-Mid),Mid-Range
OnePlus,OnePlus Nord N100 5G 64GB,185g,4GB,8MP,13MP + 2MP,Qualcomm Snapdragon 460,5000mAh,6.52 inches,"PKR 29,999","INR 12,999","CNY 1,099",USD 179,AED 699,2020,4.0,185.0,8.0,13.0,2,5000,6.52,12999.0,29999.0,1099.0,179.0,699.0,False,False,Snapdragon 4/5 (Entry-Mid),Budget
OnePlus,OnePlus Nord N10 5G 128GB,190g,6GB,16MP,64MP + 8MP,Qualcomm Snapdragon 690,4300mAh,6.49 inches,"PKR 49,999","INR 19,999","CNY 1,799",USD 299,"AED 1,099",2020,6.0,190.0,16.0,64.0,2,4300,6.49,19999.0,49999.0,1799.0,299.0,1099.0,False,False,Snapdragon 6 (Mid),Mid-Range
OnePlus,OnePlus 8R 128GB,192g,8GB,16MP,48MP + 5MP,Snapdragon 865,4300mAh,6.55 inches,"PKR 119,999","INR 41,999","CNY 3,499",USD 649,"AED 2,499",2020,8.0,192.0,16.0,48.0,2,4300,6.55,41999.0,119999.0,3499.0,649.0,2499.0,False,False,Snapdragon 8 (Flagship),Upper Mid-Range
OnePlus,OnePlus 7R 128GB,190g,6GB,16MP,48MP + 5MP,Snapdragon 855,3700mAh,6.41 inches,"PKR 109,999","INR 38,999","CNY 3,199",USD 599,"AED 2,399",2020,6.0,190.0,16.0,48.0,2,3700,6.41,38999.0,109999.0,3199.0,599.0,2399.0,False,False,Snapdragon 8 (Flagship),Upper Mid-Range
OnePlus,OnePlus 6T McLaren Edition 256GB,185g,10GB,16MP,20MP + 16MP,Snapdragon 845,3700mAh,6.41 inches,"PKR 149,999","INR 50,999","CNY 4,699",USD 799,"AED 3,299",2018,10.0,185.0,16.0,20.0,2,3700,6.41,50999.0,149999.0,4699.0,799.0,3299.0,False,False,Snapdragon 8 (Flagship),Upper Mid-Range
OnePlus,OnePlus 5T Star Wars Edition 128GB,162g,6GB,16MP,16MP + 20MP,Snapdragon 835,3300mAh,6.01 inches,"PKR 89,999","INR 34,999","CNY 3,499",USD 649,"AED 2,499",2017,6.0,162.0,16.0,16.0,2,3300,6.01,34999.0,89999.0,3499.0,649.0,2499.0,False,False,Snapdragon 8 (Flagship),Upper Mid-Range
OnePlus,OnePlus 13R 128GB,210g,8GB,16MP,50MP + 8MP,Snapdragon 8 Gen 2,4500mAh,6.7 inches,"PKR 219,999","INR 74,999","CNY 6,499",USD 849,"AED 3,599",2023,8.0,210.0,16.0,50.0,2,4500,6.7,74999.0,219999.0,6499.0,849.0,3599.0,False,False,Snapdragon 8 (Flagship),Premium
OnePlus,OnePlus 11T 128GB,202g,12GB,32MP,50MP + 48MP,Snapdragon 8 Gen 2,5000mAh,6.7 inches,"PKR 199,999","INR 74,999","CNY 5,999",USD 799,"AED 3,499",2023,12.0,202.0,32.0,50.0,2,5000,6.7,74999.0,199999.0,5999.0,799.0,3499.0,False,False,Snapdragon 8 (Flagship),Premium
OnePlus,OnePlus 10R 128GB,205g,8GB,16MP,50MP + 16MP,MediaTek Dimensity 8100,4500mAh,6.7 inches,"PKR 169,999","INR 49,999","CNY 3,899",USD 599,"AED 2,499",2022,8.0,205.0,16.0,50.0,2,4500,6.7,49999.0,169999.0,3899.0,599.0,2499.0,False,False,Dimensity 8xxx (Upper-Mid),Upper Mid-Range
OnePlus,OnePlus 7 Pro 5G 256GB,206g,12GB,16MP,48MP + 8MP,Snapdragon 855,4000mAh,6.67 inches,"PKR 169,999","INR 59,999","CNY 4,699",USD 799,"AED 3,299",2019,12.0,206.0,16.0,48.0,2,4000,6.67,59999.0,169999.0,4699.0,799.0,3299.0,False,False,Snapdragon 8 (Flagship),Upper Mid-Range
OnePlus,OnePlus 6 Special Edition 128GB,177g,6GB,16MP,20MP + 16MP,Snapdragon 845,3300mAh,6.28 inches,"PKR 99,999","INR 37,999","CNY 3,499",USD 599,"AED 2,499",2018,6.0,177.0,16.0,20.0,2,3300,6.28,37999.0,99999.0,3499.0,599.0,2499.0,False,False,Snapdragon 8 (Flagship),Upper Mid-Range
OnePlus,OnePlus 5 Special Edition 128GB,155g,8GB,16MP,20MP + 16MP,Snapdragon 835,3300mAh,5.5 inches,"PKR 94,999","INR 36,999","CNY 3,299",USD 599,"AED 2,399",2017,8.0,155.0,16.0,20.0,2,3300,5.5,36999.0,94999.0,3299.0,599.0,2399.0,False,False,Snapdragon 8 (Flagship),Upper Mid-Range
OnePlus,OnePlus Nord X 128GB,190g,8GB,32MP,64MP + 8MP,Snapdragon 765G,4000mAh,6.44 inches,"PKR 69,999","INR 24,999","CNY 2,499",USD 299,"AED 1,299",2020,8.0,190.0,32.0,64.0,2,4000,6.44,24999.0,69999.0,2499.0,299.0,1299.0,False,False,Snapdragon 7 (Upper-Mid),Mid-Range
OnePlus,OnePlus 8 Pro McLaren Edition 256GB,199g,12GB,16MP,48MP + 8MP,Snapdragon 865,4510mAh,6.78 inches,"PKR 169,999","INR 59,999","CNY 4,999",USD 899,"AED 3,599",2020,12.0,199.0,16.0,48.0,2,4510,6.78,59999.0,169999.0,4999.0,899.0,3599.0,False,False,Snapdragon 8 (Flagship),Upper Mid-Range
OnePlus,OnePlus 8T Cyberpunk Edition 256GB,188g,12GB,16MP,48MP + 16MP,Snapdragon 865,4500mAh,6.55 inches,"PKR 169,999","INR 58,999","CNY 4,699",USD 799,"AED 3,299",2020,12.0,188.0,16.0,48.0,2,4500,6.55,58999.0,169999.0,4699.0,799.0,3299.0,False,False,Snapdragon 8 (Flagship),Upper Mid-Range
OnePlus,OnePlus 7T Pro 5G McLaren Edition 256GB,206g,12GB,16MP,48MP + 8MP,Snapdragon 855,4085mAh,6.67 inches,"PKR 179,999","INR 69,999","CNY 5,299",USD 899,"AED 3,799",2019,12.0,206.0,16.0,48.0,2,4085,6.67,69999.0,179999.0,5299.0,899.0,3799.0,False,False,Snapdragon 8 (Flagship),Premium
OnePlus,OnePlus 15R 128GB,210g,12GB,32MP,50MP + 8MP,Snapdragon 8 Gen 3,5000mAh,6.7 inches,"PKR 229,999","INR 74,999","CNY 6,499",USD 849,"AED 3,699",2023,12.0,210.0,32.0,50.0,2,5000,6.7,74999.0,229999.0,6499.0,849.0,3699.0,False,False,Snapdragon 8 (Flagship),Premium
OnePlus,OnePlus 14+ 128GB,202g,8GB,16MP,64MP + 8MP,Snapdragon 8 Gen 2,4800mAh,6.55 inches,"PKR 199,999","INR 69,999","CNY 5,999",USD 799,"AED 3,499",2023,8.0,202.0,16.0,64.0,2,4800,6.55,69999.0,199999.0,5999.0,799.0,3499.0,False,False,Snapdragon 8 (Flagship),Premium
OnePlus,OnePlus 13 Pro 256GB,215g,12GB,32MP,50MP + 48MP,Snapdragon 8 Gen 2,5000mAh,6.7 inches,"PKR 219,999","INR 74,999","CNY 6,199",USD 899,"AED 3,799",2023,12.0,215.0,32.0,50.0,2,5000,6.7,74999.0,219999.0,6199.0,899.0,3799.0,False,False,Snapdragon 8 (Flagship),Premium
OnePlus,OnePlus 12T 5G 256GB,200g,12GB,16MP,50MP + 8MP,Snapdragon 8 Gen 2,5000mAh,6.7 inches,"PKR 219,999","INR 74,999","CNY 5,899",USD 849,"AED 3,599",2023,12.0,200.0,16.0,50.0,2,5000,6.7,74999.0,219999.0,5899.0,849.0,3599.0,False,False,Snapdragon 8 (Flagship),Premium
OnePlus,OnePlus Pad,550g,8GB,8MP,13MP,MediaTek Dimensity 9000,9510mAh,11.61 inches,"PKR 94,999","INR 39,999","CNY 3,999",USD 499,"AED 1,799",2023,8.0,550.0,8.0,13.0,1,9510,11.61,39999.0,94999.0,3999.0,499.0,1799.0,True,False,Dimensity 9xxx (Flagship),Upper Mid-Range
OnePlus,OnePlus Pad 2,550g,8GB,8MP,13MP,MediaTek Dimensity 9000,9510mAh,11.61 inches,"PKR 104,999","INR 44,999","CNY 4,499",USD 549,"AED 1,999",2024,8.0,550.0,8.0,13.0,1,9510,11.61,44999.0,104999.0,4499.0,549.0,1999.0,True,False,Dimensity 9xxx (Flagship),Upper Mid-Range
OnePlus,OnePlus Pad Pro,610g,12GB,16MP,50MP,Snapdragon 8 Gen 3,11000mAh,12.4 inches,"PKR 169,999","INR 69,999","CNY 5,999",USD 799,"AED 2,599",2024,12.0,610.0,16.0,50.0,1,11000,12.4,69999.0,169999.0,5999.0,799.0,2599.0,True,False,Snapdragon 8 (Flagship),Premium
Vivo,X200 128GB,223g,12GB,32MP,50MP,Dimensity 9400,6000mAh,6.78 inches,"PKR 199,999","INR 119,999","CNY 6,999",USD 999,"AED 3,699",2024,12.0,223.0,32.0,50.0,1,6000,6.78,119999.0,199999.0,6999.0,999.0,3699.0,False,False,Dimensity 9xxx (Flagship),Ultra Premium
Vivo,X200 256GB,223g,12GB,32MP,50MP,Dimensity 9400,6000mAh,6.78 inches,"PKR 219,999","INR 129,999","CNY 7,499","USD 1,099","AED 3,999",2024,12.0,223.0,32.0,50.0,1,6000,6.78,129999.0,219999.0,7499.0,1099.0,3999.0,False,False,Dimensity 9xxx (Flagship),Ultra Premium
Vivo,X200 Pro 256GB,223g,16GB,32MP,200MP,Dimensity 9400,6000mAh,6.78 inches,"PKR 229,999","INR 139,999","CNY 7,999","USD 1,199","AED 4,399",2024,16.0,223.0,32.0,200.0,1,6000,6.78,139999.0,229999.0,7999.0,1199.0,4399.0,False,False,Dimensity 9xxx (Flagship),Ultra Premium
Vivo,X200 Pro 512GB,223g,16GB,32MP,200MP,Dimensity 9400,6000mAh,6.78 inches,"PKR 249,999","INR 149,999","CNY 8,499","USD 1,299","AED 4,699",2024,16.0,223.0,32.0,200.0,1,6000,6.78,149999.0,249999.0,8499.0,1299.0,4699.0,False,False,Dimensity 9xxx (Flagship),Ultra Premium
Vivo,X200 Pro Mini 256GB,187g,16GB,32MP,50MP,Dimensity 9400,5700mAh,6.31 inches,"PKR 189,999","INR 109,999","CNY 6,499",USD 949,"AED 3,499",2024,16.0,187.0,32.0,50.0,1,5700,6.31,109999.0,189999.0,6499.0,949.0,3499.0,False,False,Dimensity 9xxx (Flagship),Ultra Premium
Vivo,V40e 128GB,179g,8GB,44MP,64MP,Snapdragon 778G,4100mAh,6.44 inches,"PKR 79,999","INR 44,999","CNY 2,999",USD 449,"AED 1,649",2024,8.0,179.0,44.0,64.0,1,4100,6.44,44999.0,79999.0,2999.0,449.0,1649.0,False,False,Snapdragon 7 (Upper-Mid),Upper Mid-Range
Vivo,Y200 GT 128GB,190g,12GB,16MP,64MP,Dimensity 1200,5000mAh,6.58 inches,"PKR 69,999","INR 39,999","CNY 2,499",USD 399,"AED 1,499",2024,12.0,190.0,16.0,64.0,1,5000,6.58,39999.0,69999.0,2499.0,399.0,1499.0,False,False,Dimensity 6xx-1xxx (Entry-Mid),Upper Mid-Range
Vivo,T3 5G 128GB,180g,8GB,16MP,50MP,Snapdragon 870,5000mAh,6.67 inches,"PKR 59,999","INR 34,999","CNY 2,299",USD 349,"AED 1,299",2024,8.0,180.0,16.0,50.0,1,5000,6.67,34999.0,59999.0,2299.0,349.0,1299.0,False,False,Snapdragon 8 (Flagship),Upper Mid-Range
Vivo,Y100 5G 128GB,181g,8GB,16MP,64MP,Dimensity 900,4500mAh,6.38 inches,"PKR 54,999","INR 29,999","CNY 1,999",USD 299,"AED 1,099",2024,8.0,181.0,16.0,64.0,1,4500,6.38,29999.0,54999.0,1999.0,299.0,1099.0,False,False,Dimensity 9xxx (Flagship),Mid-Range
Vivo,S18 Pro 256GB,189g,12GB,32MP,108MP,Snapdragon 8 Gen 2,4700mAh,6.56 inches,"PKR 99,999","INR 59,999","CNY 3,999",USD 599,"AED 2,199",2024,12.0,189.0,32.0,108.0,1,4700,6.56,59999.0,99999.0,3999.0,599.0,2199.0,False,False,Snapdragon 8 (Flagship),Upper Mid-Range
Vivo,V30 Pro 128GB,192g,12GB,32MP,64MP,Dimensity 1100,4500mAh,6.44 inches,"PKR 89,999","INR 49,999","CNY 3,499",USD 549,"AED 1,999",2024,12.0,192.0,32.0,64.0,1,4500,6.44,49999.0,89999.0,3499.0,549.0,1999.0,False,False,Dimensity 6xx-1xxx (Entry-Mid),Upper Mid-Range
Vivo,iQOO 12 256GB,210g,16GB,16MP,50MP,Snapdragon 8 Gen 3,5000mAh,6.78 inches,"PKR 109,999","INR 64,999","CNY 4,499",USD 699,"AED 2,599",2024,16.0,210.0,16.0,50.0,1,5000,6.78,64999.0,109999.0,4499.0,699.0,2599.0,False,False,Snapdragon 8 (Flagship),Premium
Vivo,Z3 64GB,162g,6GB,12MP,16MP,Snapdragon 710,3315mAh,6.3 inches,"PKR 39,999","INR 22,999","CNY 1,699",USD 249,AED 899,2018,6.0,162.0,12.0,16.0,1,3315,6.3,22999.0,39999.0,1699.0,249.0,899.0,False,False,Snapdragon 7 (Upper-Mid),Mid-Range
Vivo,V9 64GB,150g,4GB,24MP,16MP,Snapdragon 626,3260mAh,6.3 inches,"PKR 34,999","INR 19,999","CNY 1,499",USD 219,AED 799,2018,4.0,150.0,24.0,16.0,1,3260,6.3,19999.0,34999.0,1499.0,219.0,799.0,False,False,Snapdragon 6 (Mid),Mid-Range
Vivo,X9 Plus 128GB,199g,6GB,20MP+8MP,16MP,Snapdragon 653,4000mAh,5.88 inches,"PKR 42,999","INR 24,999","CNY 2,199",USD 299,"AED 1,099",2017,6.0,199.0,20.0,16.0,1,4000,5.88,24999.0,42999.0,2199.0,299.0,1099.0,False,False,Snapdragon 6 (Mid),Mid-Range
Vivo,Y81 32GB,146g,3GB,5MP,13MP,MediaTek Helio P22,3260mAh,6.22 inches,"PKR 22,999","INR 12,999",CNY 999,USD 149,AED 549,2018,3.0,146.0,5.0,13.0,1,3260,6.22,12999.0,22999.0,999.0,149.0,549.0,False,False,Helio P/A (Budget),Budget
Vivo,X5Max 16GB,146g,2GB,5MP,13MP,Snapdragon 615,2300mAh,5.5 inches,"PKR 29,999","INR 16,999","CNY 1,299",USD 199,AED 699,2014,2.0,146.0,5.0,13.0,1,2300,5.5,16999.0,29999.0,1299.0,199.0,699.0,False,False,Snapdragon 6 (Mid),Mid-Range
Vivo,V5 Plus 64GB,158g,4GB,20MP+8MP,16MP,Snapdragon 625,3055mAh,5.5 inches,"PKR 39,999","INR 22,999","CNY 1,699",USD 249,AED 899,2017,4.0,158.0,20.0,16.0,1,3055,5.5,22999.0,39999.0,1699.0,249.0,899.0,False,False,Snapdragon 6 (Mid),Mid-Range
Vivo,Y95 64GB,163g,4GB,20MP,13MP+2MP,Snapdragon 439,4030mAh,6.22 inches,"PKR 29,999","INR 16,999","CNY 1,299",USD 199,AED 699,2018,4.0,163.0,20.0,13.0,2,4030,6.22,16999.0,29999.0,1299.0,199.0,699.0,False,False,Snapdragon 4/5 (Entry-Mid),Mid-Range
Vivo,V3 Max 32GB,168g,4GB,8MP,13MP,Snapdragon 652,3000mAh,5.5 inches,"PKR 24,999","INR 13,999","CNY 1,199",USD 179,AED 649,2016,4.0,168.0,8.0,13.0,1,3000,5.5,13999.0,24999.0,1199.0,179.0,649.0,False,False,Snapdragon 6 (Mid),Budget
Vivo,X3S 16GB,153g,1GB,5MP,13MP,MediaTek MT6592,2000mAh,5.0 inches,"PKR 19,999","INR 10,999",CNY 899,USD 139,AED 499,2014,1.0,153.0,5.0,13.0,1,2000,5.0,10999.0,19999.0,899.0,139.0,499.0,False,False,MediaTek MT (Budget),Budget
Vivo,Y66 32GB,155g,3GB,16MP,13MP,Snapdragon 430,3000mAh,5.5 inches,"PKR 27,999","INR 14,999","CNY 1,199",USD 179,AED 649,2017,3.0,155.0,16.0,13.0,1,3000,5.5,14999.0,27999.0,1199.0,179.0,649.0,False,False,Snapdragon 4/5 (Entry-Mid),Budget
Vivo,V19 128GB,176g,8GB,32MP,48MP,Qualcomm Snapdragon 712,4500mAh,6.44 inches,"PKR 49,999","INR 27,990","CNY 2,799",USD 399,"AED 1,499",2020,8.0,176.0,32.0,48.0,1,4500,6.44,27990.0,49999.0,2799.0,399.0,1499.0,False,False,Snapdragon 7 (Upper-Mid),Mid-Range
Vivo,V19 256GB,176g,8GB,32MP,48MP,Qualcomm Snapdragon 712,4500mAh,6.44 inches,"PKR 54,999","INR 31,990","CNY 3,199",USD 429,"AED 1,599",2020,8.0,176.0,32.0,48.0,1,4500,6.44,31990.0,54999.0,3199.0,429.0,1599.0,False,False,Snapdragon 7 (Upper-Mid),Upper Mid-Range
Vivo,V17 Pro 128GB,201g,8GB,32MP,48MP,Qualcomm Snapdragon 675,4100mAh,6.44 inches,"PKR 54,999","INR 27,990","CNY 2,999",USD 399,"AED 1,499",2019,8.0,201.0,32.0,48.0,1,4100,6.44,27990.0,54999.0,2999.0,399.0,1499.0,False,False,Snapdragon 6 (Mid),Mid-Range
Vivo,V17 Pro 256GB,201g,8GB,32MP,48MP,Qualcomm Snapdragon 675,4100mAh,6.44 inches,"PKR 59,999","INR 33,990","CNY 3,199",USD 429,"AED 1,599",2019,8.0,201.0,32.0,48.0,1,4100,6.44,33990.0,59999.0,3199.0,429.0,1599.0,False,False,Snapdragon 6 (Mid),Upper Mid-Range
Vivo,Y12s 64GB,191g,3GB,8MP,13MP,MediaTek Helio P35,5000mAh,6.51 inches,"PKR 18,999","INR 10,990",CNY 899,USD 159,AED 599,2020,3.0,191.0,8.0,13.0,1,5000,6.51,10990.0,18999.0,899.0,159.0,599.0,False,False,Helio P/A (Budget),Budget
Vivo,Y12s 128GB,191g,4GB,8MP,13MP,MediaTek Helio P35,5000mAh,6.51 inches,"PKR 22,999","INR 13,990","CNY 1,099",USD 179,AED 699,2020,4.0,191.0,8.0,13.0,1,5000,6.51,13990.0,22999.0,1099.0,179.0,699.0,False,False,Helio P/A (Budget),Budget
Vivo,S1 Pro 128GB,185g,6GB,32MP,48MP,MediaTek Helio P65,4500mAh,6.38 inches,"PKR 39,999","INR 19,990","CNY 2,299",USD 249,AED 999,2019,6.0,185.0,32.0,48.0,1,4500,6.38,19990.0,39999.0,2299.0,249.0,999.0,False,False,Helio P/A (Budget),Mid-Range
Vivo,S1 Pro 256GB,185g,6GB,32MP,48MP,MediaTek Helio P65,4500mAh,6.38 inches,"PKR 44,999","INR 24,990","CNY 2,499",USD 269,"AED 1,099",2019,6.0,185.0,32.0,48.0,1,4500,6.38,24990.0,44999.0,2499.0,269.0,1099.0,False,False,Helio P/A (Budget),Mid-Range
Vivo,Y11 32GB,190g,3GB,8MP,13MP,Qualcomm Snapdragon 439,5000mAh,6.35 inches,"PKR 18,499","INR 10,999",CNY 899,USD 149,AED 599,2019,3.0,190.0,8.0,13.0,1,5000,6.35,10999.0,18499.0,899.0,149.0,599.0,False,False,Snapdragon 4/5 (Entry-Mid),Budget
Vivo,Y11 64GB,190g,3GB,8MP,13MP,Qualcomm Snapdragon 439,5000mAh,6.35 inches,"PKR 22,499","INR 13,490","CNY 1,099",USD 169,AED 649,2019,3.0,190.0,8.0,13.0,1,5000,6.35,13490.0,22499.0,1099.0,169.0,649.0,False,False,Snapdragon 4/5 (Entry-Mid),Budget
Vivo,V15 128GB,190g,6GB,32MP,48MP,MediaTek Helio P70,4000mAh,6.53 inches,"PKR 34,999","INR 22,990","CNY 2,199",USD 299,"AED 1,099",2019,6.0,190.0,32.0,48.0,1,4000,6.53,22990.0,34999.0,2199.0,299.0,1099.0,False,False,Helio P/A (Budget),Mid-Range
Vivo,V15 256GB,190g,6GB,32MP,48MP,MediaTek Helio P70,4000mAh,6.53 inches,"PKR 39,999","INR 26,990","CNY 2,399",USD 319,"AED 1,199",2019,6.0,190.0,32.0,48.0,1,4000,6.53,26990.0,39999.0,2399.0,319.0,1199.0,False,False,Helio P/A (Budget),Mid-Range
Vivo,X27 Pro 128GB,190g,8GB,32MP,48MP,Qualcomm Snapdragon 710,4000mAh,6.39 inches,"PKR 59,999","INR 35,990","CNY 3,499",USD 499,"AED 1,799",2019,8.0,190.0,32.0,48.0,1,4000,6.39,35990.0,59999.0,3499.0,499.0,1799.0,False,False,Snapdragon 7 (Upper-Mid),Upper Mid-Range
Vivo,X27 Pro 256GB,190g,8GB,32MP,48MP,Qualcomm Snapdragon 710,4000mAh,6.39 inches,"PKR 64,999","INR 39,990","CNY 3,799",USD 549,"AED 1,999",2019,8.0,190.0,32.0,48.0,1,4000,6.39,39990.0,64999.0,3799.0,549.0,1999.0,False,False,Snapdragon 7 (Upper-Mid),Upper Mid-Range
Vivo,Y30 128GB,193g,4GB,8MP,13MP,MediaTek Helio P35,5000mAh,6.47 inches,"PKR 24,999","INR 14,990","CNY 1,499",USD 199,AED 749,2020,4.0,193.0,8.0,13.0,1,5000,6.47,14990.0,24999.0,1499.0,199.0,749.0,False,False,Helio P/A (Budget),Budget
Vivo,Y30 64GB,193g,3GB,8MP,13MP,MediaTek Helio P35,5000mAh,6.47 inches,"PKR 19,999","INR 11,990","CNY 1,299",USD 169,AED 649,2020,3.0,193.0,8.0,13.0,1,5000,6.47,11990.0,19999.0,1299.0,169.0,649.0,False,False,Helio P/A (Budget),Budget
Vivo,Z1 Pro 64GB,159g,4GB,16MP,16MP,Qualcomm Snapdragon 712,4500mAh,6.53 inches,"PKR 29,999","INR 18,990","CNY 1,799",USD 249,AED 899,2019,4.0,159.0,16.0,16.0,1,4500,6.53,18990.0,29999.0,1799.0,249.0,899.0,False,False,Snapdragon 7 (Upper-Mid),Mid-Range
Vivo,Z1 Pro 128GB,159g,6GB,16MP,16MP,Qualcomm Snapdragon 712,4500mAh,6.53 inches,"PKR 34,999","INR 22,990","CNY 2,099",USD 299,AED 999,2019,6.0,159.0,16.0,16.0,1,4500,6.53,22990.0,34999.0,2099.0,299.0,999.0,False,False,Snapdragon 7 (Upper-Mid),Mid-Range
Vivo,X21 128GB,156g,6GB,12MP,12MP,Qualcomm Snapdragon 660,3200mAh,6.28 inches,"PKR 39,999","INR 24,990","CNY 2,299",USD 349,"AED 1,199",2018,6.0,156.0,12.0,12.0,1,3200,6.28,24990.0,39999.0,2299.0,349.0,1199.0,False,False,Snapdragon 6 (Mid),Mid-Range
Vivo,X21 64GB,156g,4GB,12MP,12MP,Qualcomm Snapdragon 660,3200mAh,6.28 inches,"PKR 34,999","INR 21,990","CNY 1,899",USD 299,AED 999,2018,4.0,156.0,12.0,12.0,1,3200,6.28,21990.0,34999.0,1899.0,299.0,999.0,False,False,Snapdragon 6 (Mid),Mid-Range
Vivo,V23e 128GB,172g,8GB,50MP,64MP,MediaTek Helio G96,4050mAh,6.44 inches,"PKR 39,999","INR 20,999","CNY 1,799",USD 299,"AED 1,099",2021,8.0,172.0,50.0,64.0,1,4050,6.44,20999.0,39999.0,1799.0,299.0,1099.0,False,False,Helio G9x (Mid-Budget),Mid-Range
Vivo,V23e 256GB,172g,8GB,50MP,64MP,MediaTek Helio G96,4050mAh,6.44 inches,"PKR 44,999","INR 24,999","CNY 1,999",USD 349,"AED 1,199",2021,8.0,172.0,50.0,64.0,1,4050,6.44,24999.0,44999.0,1999.0,349.0,1199.0,False,False,Helio G9x (Mid-Budget),Mid-Range
Vivo,Y33s 128GB,182g,8GB,16MP,50MP,MediaTek Helio G80,5000mAh,6.58 inches,"PKR 34,999","INR 17,999","CNY 1,699",USD 239,AED 899,2021,8.0,182.0,16.0,50.0,1,5000,6.58,17999.0,34999.0,1699.0,239.0,899.0,False,False,Helio G7-G8x (Budget),Mid-Range
Vivo,Y33s 64GB,182g,4GB,16MP,50MP,MediaTek Helio G80,5000mAh,6.58 inches,"PKR 29,999","INR 14,999","CNY 1,299",USD 179,AED 799,2021,4.0,182.0,16.0,50.0,1,5000,6.58,14999.0,29999.0,1299.0,179.0,799.0,False,False,Helio G7-G8x (Budget),Budget
Vivo,X60 Pro 256GB,190g,12GB,32MP,48MP,Qualcomm Snapdragon 870,4200mAh,6.56 inches,"PKR 109,999","INR 44,999","CNY 3,999",USD 899,"AED 1,999",2021,12.0,190.0,32.0,48.0,1,4200,6.56,44999.0,109999.0,3999.0,899.0,1999.0,False,False,Snapdragon 8 (Flagship),Upper Mid-Range
Vivo,X60 Pro 512GB,190g,12GB,32MP,48MP,Qualcomm Snapdragon 870,4200mAh,6.56 inches,"PKR 119,999","INR 49,999","CNY 4,199",USD 999,"AED 2,099",2021,12.0,190.0,32.0,48.0,1,4200,6.56,49999.0,119999.0,4199.0,999.0,2099.0,False,False,Snapdragon 8 (Flagship),Upper Mid-Range
Vivo,V20 Pro 128GB,173g,8GB,44MP,64MP,Qualcomm Snapdragon 765G,4000mAh,6.44 inches,"PKR 49,999","INR 25,999","CNY 2,699",USD 499,"AED 1,499",2020,8.0,173.0,44.0,64.0,1,4000,6.44,25999.0,49999.0,2699.0,499.0,1499.0,False,False,Snapdragon 7 (Upper-Mid),Mid-Range
Vivo,V20 Pro 256GB,173g,8GB,44MP,64MP,Qualcomm Snapdragon 765G,4000mAh,6.44 inches,"PKR 54,999","INR 29,999","CNY 2,999",USD 549,"AED 1,699",2020,8.0,173.0,44.0,64.0,1,4000,6.44,29999.0,54999.0,2999.0,549.0,1699.0,False,False,Snapdragon 7 (Upper-Mid),Mid-Range
Vivo,Y75 5G 128GB,179g,8GB,16MP,50MP,MediaTek Dimensity 700,5000mAh,6.58 inches,"PKR 54,999","INR 21,999","CNY 2,199",USD 349,"AED 1,299",2021,8.0,179.0,16.0,50.0,1,5000,6.58,21999.0,54999.0,2199.0,349.0,1299.0,False,False,Dimensity 7xxx (Mid),Mid-Range
Vivo,Y75 5G 256GB,179g,8GB,16MP,50MP,MediaTek Dimensity 700,5000mAh,6.58 inches,"PKR 59,999","INR 25,999","CNY 2,499",USD 399,"AED 1,499",2021,8.0,179.0,16.0,50.0,1,5000,6.58,25999.0,59999.0,2499.0,399.0,1499.0,False,False,Dimensity 7xxx (Mid),Mid-Range
Vivo,Y53s 128GB,190g,6GB,16MP,64MP,MediaTek Helio G80,5000mAh,6.58 inches,"PKR 34,999","INR 16,999","CNY 1,699",USD 229,AED 899,2021,6.0,190.0,16.0,64.0,1,5000,6.58,16999.0,34999.0,1699.0,229.0,899.0,False,False,Helio G7-G8x (Budget),Mid-Range
Vivo,Y53s 64GB,190g,6GB,16MP,64MP,MediaTek Helio G80,5000mAh,6.58 inches,"PKR 29,999","INR 13,999","CNY 1,299",USD 179,AED 799,2021,6.0,190.0,16.0,64.0,1,5000,6.58,13999.0,29999.0,1299.0,179.0,799.0,False,False,Helio G7-G8x (Budget),Budget
Vivo,V15 Pro 128GB,185g,6GB,32MP,48MP,Qualcomm Snapdragon 675,3700mAh,6.39 inches,"PKR 44,999","INR 25,999","CNY 2,499",USD 399,"AED 1,499",2019,6.0,185.0,32.0,48.0,1,3700,6.39,25999.0,44999.0,2499.0,399.0,1499.0,False,False,Snapdragon 6 (Mid),Mid-Range
Vivo,V15 Pro 256GB,185g,6GB,32MP,48MP,Qualcomm Snapdragon 675,3700mAh,6.39 inches,"PKR 49,999","INR 29,999","CNY 2,799",USD 449,"AED 1,699",2019,6.0,185.0,32.0,48.0,1,3700,6.39,29999.0,49999.0,2799.0,449.0,1699.0,False,False,Snapdragon 6 (Mid),Mid-Range
Vivo,X70 Pro 128GB,185g,8GB,32MP,50MP,MediaTek Dimensity 1200,4450mAh,6.56 inches,"PKR 99,999","INR 39,999","CNY 4,299",USD 749,"AED 2,099",2021,8.0,185.0,32.0,50.0,1,4450,6.56,39999.0,99999.0,4299.0,749.0,2099.0,False,False,Dimensity 6xx-1xxx (Entry-Mid),Upper Mid-Range
Vivo,X70 Pro 256GB,185g,8GB,32MP,50MP,MediaTek Dimensity 1200,4450mAh,6.56 inches,"PKR 109,999","INR 44,999","CNY 4,699",USD 799,"AED 2,299",2021,8.0,185.0,32.0,50.0,1,4450,6.56,44999.0,109999.0,4699.0,799.0,2299.0,False,False,Dimensity 6xx-1xxx (Entry-Mid),Upper Mid-Range
Vivo,T1 5G 128GB,181g,6GB,16MP,50MP,Qualcomm Snapdragon 695,5000mAh,6.58 inches,"PKR 39,999","INR 17,999","CNY 1,799",USD 269,AED 999,2022,6.0,181.0,16.0,50.0,1,5000,6.58,17999.0,39999.0,1799.0,269.0,999.0,False,False,Snapdragon 6 (Mid),Mid-Range
Vivo,T1 5G 256GB,181g,8GB,16MP,50MP,Qualcomm Snapdragon 695,5000mAh,6.58 inches,"PKR 44,999","INR 21,999","CNY 1,999",USD 319,"AED 1,099",2022,8.0,181.0,16.0,50.0,1,5000,6.58,21999.0,44999.0,1999.0,319.0,1099.0,False,False,Snapdragon 6 (Mid),Mid-Range
Vivo,X30 Pro 128GB,199g,8GB,32MP,64MP,Qualcomm Snapdragon 855,4200mAh,6.44 inches,"PKR 109,999","INR 47,999","CNY 4,599",USD 899,"AED 2,299",2019,8.0,199.0,32.0,64.0,1,4200,6.44,47999.0,109999.0,4599.0,899.0,2299.0,False,False,Snapdragon 8 (Flagship),Upper Mid-Range
Vivo,X30 Pro 256GB,199g,8GB,32MP,64MP,Qualcomm Snapdragon 855,4200mAh,6.44 inches,"PKR 119,999","INR 54,999","CNY 5,199",USD 949,"AED 2,499",2019,8.0,199.0,32.0,64.0,1,4200,6.44,54999.0,119999.0,5199.0,949.0,2499.0,False,False,Snapdragon 8 (Flagship),Upper Mid-Range
Vivo,V27 128GB,182g,8GB,50MP,50MP,MediaTek Dimensity 8200,4600mAh,6.78 inches,"PKR 79,999","INR 29,999","CNY 2,999",USD 599,"AED 1,699",2023,8.0,182.0,50.0,50.0,1,4600,6.78,29999.0,79999.0,2999.0,599.0,1699.0,False,False,Dimensity 8xxx (Upper-Mid),Mid-Range
Vivo,V27 256GB,182g,8GB,50MP,50MP,MediaTek Dimensity 8200,4600mAh,6.78 inches,"PKR 84,999","INR 32,999","CNY 3,199",USD 649,"AED 1,899",2023,8.0,182.0,50.0,50.0,1,4600,6.78,32999.0,84999.0,3199.0,649.0,1899.0,False,False,Dimensity 8xxx (Upper-Mid),Upper Mid-Range
Vivo,V27 Pro 128GB,182g,8GB,50MP,50MP,MediaTek Dimensity 8200,4600mAh,6.78 inches,"PKR 89,999","INR 34,999","CNY 3,299",USD 699,"AED 1,899",2023,8.0,182.0,50.0,50.0,1,4600,6.78,34999.0,89999.0,3299.0,699.0,1899.0,False,False,Dimensity 8xxx (Upper-Mid),Upper Mid-Range
Vivo,V27 Pro 256GB,182g,8GB,50MP,50MP,MediaTek Dimensity 8200,4600mAh,6.78 inches,"PKR 94,999","INR 37,999","CNY 3,499",USD 749,"AED 2,099",2023,8.0,182.0,50.0,50.0,1,4600,6.78,37999.0,94999.0,3499.0,749.0,2099.0,False,False,Dimensity 8xxx (Upper-Mid),Upper Mid-Range
Vivo,V25 Pro 128GB,190g,8GB,32MP,64MP,MediaTek Dimensity 1300,4830mAh,6.56 inches,"PKR 79,999","INR 25,999","CNY 2,799",USD 599,"AED 1,599",2022,8.0,190.0,32.0,64.0,1,4830,6.56,25999.0,79999.0,2799.0,599.0,1599.0,False,False,Dimensity 6xx-1xxx (Entry-Mid),Mid-Range
Vivo,V25 Pro 256GB,190g,8GB,32MP,64MP,MediaTek Dimensity 1300,4830mAh,6.56 inches,"PKR 85,999","INR 29,999","CNY 2,999",USD 649,"AED 1,799",2022,8.0,190.0,32.0,64.0,1,4830,6.56,29999.0,85999.0,2999.0,649.0,1799.0,False,False,Dimensity 6xx-1xxx (Entry-Mid),Mid-Range
Vivo,X90 Pro 256GB,221g,12GB,32MP,50MP,MediaTek Dimensity 9200,4870mAh,6.78 inches,"PKR 199,999","INR 69,999","CNY 6,999","USD 1,099","AED 3,999",2022,12.0,221.0,32.0,50.0,1,4870,6.78,69999.0,199999.0,6999.0,1099.0,3999.0,False,False,Dimensity 9xxx (Flagship),Premium
Vivo,X90 Pro 512GB,221g,12GB,32MP,50MP,MediaTek Dimensity 9200,4870mAh,6.78 inches,"PKR 229,999","INR 79,999","CNY 7,499","USD 1,199","AED 4,499",2022,12.0,221.0,32.0,50.0,1,4870,6.78,79999.0,229999.0,7499.0,1199.0,4499.0,False,False,Dimensity 9xxx (Flagship),Premium
Vivo,Y100 128GB,190g,8GB,16MP,64MP,MediaTek Dimensity 900,4500mAh,6.44 inches,"PKR 59,999","INR 19,999","CNY 1,999",USD 399,"AED 1,199",2023,8.0,190.0,16.0,64.0,1,4500,6.44,19999.0,59999.0,1999.0,399.0,1199.0,False,False,Dimensity 9xxx (Flagship),Mid-Range
Vivo,Y100 256GB,190g,8GB,16MP,64MP,MediaTek Dimensity 900,4500mAh,6.44 inches,"PKR 64,999","INR 22,999","CNY 2,199",USD 449,"AED 1,399",2023,8.0,190.0,16.0,64.0,1,4500,6.44,22999.0,64999.0,2199.0,449.0,1399.0,False,False,Dimensity 9xxx (Flagship),Mid-Range
Vivo,T2 Series 128GB,190g,8GB,16MP,64MP,Qualcomm Snapdragon 695,4500mAh,6.44 inches,"PKR 49,999","INR 15,999","CNY 1,699",USD 299,AED 999,2023,8.0,190.0,16.0,64.0,1,4500,6.44,15999.0,49999.0,1699.0,299.0,999.0,False,False,Snapdragon 6 (Mid),Mid-Range
Vivo,T2 Series 256GB,190g,8GB,16MP,64MP,Qualcomm Snapdragon 695,4500mAh,6.44 inches,"PKR 54,999","INR 18,999","CNY 1,799",USD 349,"AED 1,099",2023,8.0,190.0,16.0,64.0,1,4500,6.44,18999.0,54999.0,1799.0,349.0,1099.0,False,False,Snapdragon 6 (Mid),Mid-Range
Vivo,V23 5G 128GB,179g,8GB,50MP,64MP,MediaTek Dimensity 920,4200mAh,6.44 inches,"PKR 69,999","INR 27,999","CNY 2,799",USD 499,"AED 1,499",2022,8.0,179.0,50.0,64.0,1,4200,6.44,27999.0,69999.0,2799.0,499.0,1499.0,False,False,Dimensity 9xxx (Flagship),Mid-Range
Vivo,V23 5G 256GB,179g,8GB,50MP,64MP,MediaTek Dimensity 920,4200mAh,6.44 inches,"PKR 74,999","INR 32,999","CNY 3,199",USD 549,"AED 1,699",2022,8.0,179.0,50.0,64.0,1,4200,6.44,32999.0,74999.0,3199.0,549.0,1699.0,False,False,Dimensity 9xxx (Flagship),Upper Mid-Range
Vivo,X80 256GB,206g,12GB,32MP,50MP,MediaTek Dimensity 9000,4700mAh,6.78 inches,"PKR 179,999","INR 59,999","CNY 5,999",USD 899,"AED 3,499",2022,12.0,206.0,32.0,50.0,1,4700,6.78,59999.0,179999.0,5999.0,899.0,3499.0,False,False,Dimensity 9xxx (Flagship),Upper Mid-Range
Vivo,X80 512GB,206g,12GB,32MP,50MP,MediaTek Dimensity 9000,4700mAh,6.78 inches,"PKR 199,999","INR 69,999","CNY 6,499",USD 999,"AED 3,999",2022,12.0,206.0,32.0,50.0,1,4700,6.78,69999.0,199999.0,6499.0,999.0,3999.0,False,False,Dimensity 9xxx (Flagship),Premium
Vivo,Y21 128GB,182g,4GB,8MP,13MP,MediaTek Helio P35,5000mAh,6.51 inches,"PKR 29,999","INR 12,999","CNY 1,299",USD 199,AED 699,2021,4.0,182.0,8.0,13.0,1,5000,6.51,12999.0,29999.0,1299.0,199.0,699.0,False,False,Helio P/A (Budget),Budget
Vivo,Y21 64GB,182g,4GB,8MP,13MP,MediaTek Helio P35,5000mAh,6.51 inches,"PKR 26,999","INR 9,999","CNY 1,099",USD 179,AED 599,2021,4.0,182.0,8.0,13.0,1,5000,6.51,9999.0,26999.0,1099.0,179.0,599.0,False,False,Helio P/A (Budget),Budget
Vivo,Pad 128GB,498g,6GB,8MP,13MP,Snapdragon 870,8040mAh,11 inches,"PKR 64,999","INR 34,999","CNY 2,499",USD 329,"AED 1,199",2022,6.0,498.0,8.0,13.0,1,8040,11.0,34999.0,64999.0,2499.0,329.0,1199.0,True,False,Snapdragon 8 (Flagship),Upper Mid-Range
Vivo,Pad 2 256GB,535g,8GB,8MP,50MP,MediaTek Dimensity 1200,8040mAh,11 inches,"PKR 74,999","INR 39,999","CNY 3,199",USD 399,"AED 1,399",2023,8.0,535.0,8.0,50.0,1,8040,11.0,39999.0,74999.0,3199.0,399.0,1399.0,True,False,Dimensity 6xx-1xxx (Entry-Mid),Upper Mid-Range
Vivo,Pad Air 128GB,510g,6GB,8MP,13MP,Snapdragon 870,8040mAh,10.4 inches,"PKR 58,999","INR 31,999","CNY 2,199",USD 279,AED 999,2023,6.0,510.0,8.0,13.0,1,8040,10.4,31999.0,58999.0,2199.0,279.0,999.0,True,False,Snapdragon 8 (Flagship),Upper Mid-Range
Vivo,Pad 3 128GB,500g,6GB,8MP,13MP,Snapdragon 750G,8040mAh,11 inches,"PKR 62,999","INR 34,999","CNY 2,399",USD 349,"AED 1,199",2023,6.0,500.0,8.0,13.0,1,8040,11.0,34999.0,62999.0,2399.0,349.0,1199.0,True,False,Snapdragon 7 (Upper-Mid),Upper Mid-Range
Vivo,Pad 3 Pro 256GB,550g,8GB,8MP,50MP,Snapdragon 888,8040mAh,12.3 inches,"PKR 84,999","INR 45,999","CNY 3,599",USD 449,"AED 1,599",2023,8.0,550.0,8.0,50.0,1,8040,12.3,45999.0,84999.0,3599.0,449.0,1599.0,True,False,Snapdragon 8 (Flagship),Upper Mid-Range
Vivo,Pad 4 Pro 256GB,560g,8GB,8MP,50MP,MediaTek Dimensity 9000,8040mAh,12.9 inches,"PKR 94,999","INR 49,999","CNY 4,299",USD 499,"AED 1,799",2024,8.0,560.0,8.0,50.0,1,8040,12.9,49999.0,94999.0,4299.0,499.0,1799.0,True,False,Dimensity 9xxx (Flagship),Upper Mid-Range
iQOO,Pad 128GB,520g,6GB,8MP,13MP,Snapdragon 870,8040mAh,11 inches,"PKR 69,999","INR 37,999","CNY 2,699",USD 349,"AED 1,299",2023,6.0,520.0,8.0,13.0,1,8040,11.0,37999.0,69999.0,2699.0,349.0,1299.0,True,False,Snapdragon 8 (Flagship),Upper Mid-Range
iQOO,Pad 2 256GB,540g,8GB,8MP,50MP,Snapdragon 888,8040mAh,12.3 inches,"PKR 79,999","INR 43,999","CNY 3,499",USD 399,"AED 1,499",2024,8.0,540.0,8.0,50.0,1,8040,12.3,43999.0,79999.0,3499.0,399.0,1499.0,True,False,Snapdragon 8 (Flagship),Upper Mid-Range
iQOO,Pad 2 Pro 256GB,555g,8GB,8MP,50MP,Snapdragon 8 Gen 1,8040mAh,12.3 inches,"PKR 89,999","INR 49,999","CNY 3,899",USD 449,"AED 1,699",2024,8.0,555.0,8.0,50.0,1,8040,12.3,49999.0,89999.0,3899.0,449.0,1699.0,True,False,Snapdragon 8 (Flagship),Upper Mid-Range
Oppo,Find N3 512GB,239g,12GB,32MP,48MP + 64MP + 48MP,Snapdragon 8 Gen 2,4805mAh,7.82 inches,"PKR 299,999","INR 159,999","CNY 9,999","USD 1,399","AED 5,199",2023,12.0,239.0,32.0,48.0,3,4805,7.82,159999.0,299999.0,9999.0,1399.0,5199.0,False,True,Snapdragon 8 (Flagship),Ultra Premium
Oppo,Find N3 Flip 256GB,198g,12GB,32MP,50MP + 32MP + 48MP,MediaTek Dimensity 9200,4300mAh,6.8 inches,"PKR 199,999","INR 109,999","CNY 6,999",USD 999,"AED 3,699",2023,12.0,198.0,32.0,50.0,3,4300,6.8,109999.0,199999.0,6999.0,999.0,3699.0,False,True,Dimensity 9xxx (Flagship),Ultra Premium
Oppo,Find X8 Pro 256GB,210g,12GB,32MP,50MP + 50MP + 50MP,Snapdragon 8 Gen 2,5000mAh,6.8 inches,"PKR 249,999","INR 139,999","CNY 8,999","USD 1,299","AED 4,799",2024,12.0,210.0,32.0,50.0,3,5000,6.8,139999.0,249999.0,8999.0,1299.0,4799.0,False,False,Snapdragon 8 (Flagship),Ultra Premium
Oppo,Find X8 256GB,195g,8GB,32MP,50MP + 50MP,Snapdragon 8 Gen 2,4800mAh,6.7 inches,"PKR 199,999","INR 119,999","CNY 7,499","USD 1,099","AED 4,099",2024,8.0,195.0,32.0,50.0,2,4800,6.7,119999.0,199999.0,7499.0,1099.0,4099.0,False,False,Snapdragon 8 (Flagship),Ultra Premium
Oppo,Reno13 F 4G 256GB,192g,8GB,32MP,50MP + 8MP + 2MP,MediaTek Helio G100,5800mAh,6.67 inches,"PKR 79,999","INR 44,999","CNY 3,499",USD 499,"AED 1,899",2025,8.0,192.0,32.0,50.0,3,5800,6.67,44999.0,79999.0,3499.0,499.0,1899.0,False,False,Helio G (Budget),Upper Mid-Range
Oppo,Reno13 F 256GB,192g,8GB,32MP,50MP + 8MP + 2MP,MediaTek Helio G100,5800mAh,6.67 inches,"PKR 79,999","INR 44,999","CNY 3,499",USD 499,"AED 1,899",2025,8.0,192.0,32.0,50.0,3,5800,6.67,44999.0,79999.0,3499.0,499.0,1899.0,False,False,Helio G (Budget),Upper Mid-Range
Oppo,Reno13 Pro 512GB,210g,12GB,50MP,50MP + 50MP + 8MP,MediaTek Dimensity 8350,5800mAh,6.83 inches,"PKR 129,999","INR 69,999","CNY 5,999",USD 799,"AED 2,999",2025,12.0,210.0,50.0,50.0,3,5800,6.83,69999.0,129999.0,5999.0,799.0,2999.0,False,False,Dimensity 8xxx (Upper-Mid),Premium
Oppo,Reno13 256GB,200g,12GB,50MP,50MP + 8MP,MediaTek Dimensity 8350,5600mAh,6.59 inches,"PKR 99,999","INR 54,999","CNY 4,999",USD 699,"AED 2,599",2025,12.0,200.0,50.0,50.0,2,5600,6.59,54999.0,99999.0,4999.0,699.0,2599.0,False,False,Dimensity 8xxx (Upper-Mid),Upper Mid-Range
Oppo,Reno12 F 4G 256GB,187g,8GB,32MP,50MP + 8MP + 2MP,Snapdragon 685,5000mAh,6.7 inches,"PKR 69,999","INR 39,999","CNY 3,199",USD 449,"AED 1,699",2024,8.0,187.0,32.0,50.0,3,5000,6.7,39999.0,69999.0,3199.0,449.0,1699.0,False,False,Snapdragon 6 (Mid),Upper Mid-Range
Oppo,Reno12 F 256GB,187g,8GB,32MP,50MP + 8MP + 2MP,Snapdragon 685,5000mAh,6.7 inches,"PKR 69,999","INR 39,999","CNY 3,199",USD 449,"AED 1,699",2024,8.0,187.0,32.0,50.0,3,5000,6.7,39999.0,69999.0,3199.0,449.0,1699.0,False,False,Snapdragon 6 (Mid),Upper Mid-Range
Oppo,Reno12 Pro 512GB,190g,12GB,32MP,50MP + 32MP + 8MP,MediaTek Dimensity 8200,4600mAh,6.74 inches,"PKR 119,999","INR 64,999","CNY 5,499",USD 749,"AED 2,799",2024,12.0,190.0,32.0,50.0,3,4600,6.74,64999.0,119999.0,5499.0,749.0,2799.0,False,False,Dimensity 8xxx (Upper-Mid),Premium
Oppo,Reno12 256GB,185g,8GB,32MP,50MP + 8MP,MediaTek Dimensity 7050,5000mAh,6.7 inches,"PKR 89,999","INR 49,999","CNY 3,999",USD 599,"AED 2,199",2024,8.0,185.0,32.0,50.0,2,5000,6.7,49999.0,89999.0,3999.0,599.0,2199.0,False,False,Dimensity 7xxx (Mid),Upper Mid-Range
Oppo,Reno11 F 256GB,185g,8GB,32MP,64MP + 8MP + 2MP,MediaTek Dimensity 7050,5000mAh,6.7 inches,"PKR 79,999","INR 44,999","CNY 3,499",USD 499,"AED 1,899",2024,8.0,185.0,32.0,64.0,3,5000,6.7,44999.0,79999.0,3499.0,499.0,1899.0,False,False,Dimensity 7xxx (Mid),Upper Mid-Range
Oppo,Reno11 Pro 512GB,190g,12GB,32MP,50MP + 32MP + 8MP,MediaTek Dimensity 8200,4600mAh,6.74 inches,"PKR 109,999","INR 59,999","CNY 4,999",USD 699,"AED 2,599",2024,12.0,190.0,32.0,50.0,3,4600,6.74,59999.0,109999.0,4999.0,699.0,2599.0,False,False,Dimensity 8xxx (Upper-Mid),Upper Mid-Range
Oppo,A5 Pro 256GB,180g,8GB,16MP,50MP + 2MP,Dimensity 7300,6000mAh,6.7 inches,"PKR 89,999","INR 49,999","CNY 3,999",USD 599,"AED 2,199",2024,8.0,180.0,16.0,50.0,2,6000,6.7,49999.0,89999.0,3999.0,599.0,2199.0,False,False,Dimensity 7xxx (Mid),Upper Mid-Range
Oppo,A5 Pro 512GB,186g,12GB,16MP,50MP + 2MP,Dimensity 7300,6000mAh,6.7 inches,"PKR 99,999","INR 54,999","CNY 4,499",USD 699,"AED 2,499",2024,12.0,186.0,16.0,50.0,2,6000,6.7,54999.0,99999.0,4499.0,699.0,2499.0,False,False,Dimensity 7xxx (Mid),Upper Mid-Range
Oppo,A80 256GB,186g,8GB,8MP,50MP + 2MP,Dimensity 6300,5100mAh,6.67 inches,"PKR 79,999","INR 44,999","CNY 3,499",USD 499,"AED 1,899",2024,8.0,186.0,8.0,50.0,2,5100,6.67,44999.0,79999.0,3499.0,499.0,1899.0,False,False,Dimensity 6xx-1xxx (Entry-Mid),Upper Mid-Range
Oppo,A3 4G 128GB,186g,4GB,5MP,50MP,Snapdragon 6s 4G Gen 1,5000mAh,6.7 inches,"PKR 59,999","INR 34,999","CNY 2,999",USD 399,"AED 1,499",2024,4.0,186.0,5.0,50.0,1,5000,6.7,34999.0,59999.0,2999.0,399.0,1499.0,False,False,Snapdragon 6 (Mid),Upper Mid-Range
Oppo,A3x 4G 128GB,186g,4GB,8MP,8MP + 2MP,Snapdragon 6s 4G Gen 1,5100mAh,6.67 inches,"PKR 64,999","INR 36,999","CNY 3,199",USD 449,"AED 1,699",2024,4.0,186.0,8.0,8.0,2,5100,6.67,36999.0,64999.0,3199.0,449.0,1699.0,False,False,Snapdragon 6 (Mid),Upper Mid-Range
Oppo,A3x 4G 256GB,186g,6GB,8MP,8MP + 2MP,Snapdragon 6s 4G Gen 1,5100mAh,6.67 inches,"PKR 69,999","INR 39,999","CNY 3,499",USD 499,"AED 1,899",2024,6.0,186.0,8.0,8.0,2,5100,6.67,39999.0,69999.0,3499.0,499.0,1899.0,False,False,Snapdragon 6 (Mid),Upper Mid-Range
Oppo,A3 128GB,186g,4GB,5MP,50MP,Snapdragon 6s 4G Gen 1,5000mAh,6.7 inches,"PKR 59,999","INR 34,999","CNY 2,999",USD 399,"AED 1,499",2024,4.0,186.0,5.0,50.0,1,5000,6.7,34999.0,59999.0,2999.0,399.0,1499.0,False,False,Snapdragon 6 (Mid),Upper Mid-Range
Oppo,A3x 128GB,186g,4GB,8MP,8MP + 2MP,Snapdragon 6s 4G Gen 1,5100mAh,6.67 inches,"PKR 64,999","INR 36,999","CNY 3,199",USD 449,"AED 1,699",2024,4.0,186.0,8.0,8.0,2,5100,6.67,36999.0,64999.0,3199.0,449.0,1699.0,False,False,Snapdragon 6 (Mid),Upper Mid-Range
Oppo,A3x 256GB,186g,6GB,8MP,8MP + 2MP,Snapdragon 6s 4G Gen 1,5100mAh,6.67 inches,"PKR 69,999","INR 39,999","CNY 3,499",USD 499,"AED 1,899",2024,6.0,186.0,8.0,8.0,2,5100,6.67,39999.0,69999.0,3499.0,499.0,1899.0,False,False,Snapdragon 6 (Mid),Upper Mid-Range
Oppo,A60 128GB,186g,8GB,8MP,50MP + 2MP,Snapdragon 680 4G,5000mAh,6.67 inches,"PKR 69,999","INR 39,999","CNY 3,199",USD 449,"AED 1,699",2024,8.0,186.0,8.0,50.0,2,5000,6.67,39999.0,69999.0,3199.0,449.0,1699.0,False,False,Snapdragon 6 (Mid),Upper Mid-Range
Oppo,A60 256GB,186g,8GB,8MP,50MP + 2MP,Snapdragon 680 4G,5000mAh,6.67 inches,"PKR 74,999","INR 42,999","CNY 3,499",USD 499,"AED 1,899",2024,8.0,186.0,8.0,50.0,2,5000,6.67,42999.0,74999.0,3499.0,499.0,1899.0,False,False,Snapdragon 6 (Mid),Upper Mid-Range
Oppo,K12 Plus 256GB,192g,8GB,16MP,50MP,Snapdragon 7 Gen 3,6400mAh,6.7 inches,"PKR 109,999","INR 59,999","CNY 4,999",USD 699,"AED 2,599",2024,8.0,192.0,16.0,50.0,1,6400,6.7,59999.0,109999.0,4999.0,699.0,2599.0,False,False,Snapdragon 7 (Upper-Mid),Upper Mid-Range
Oppo,K12 Plus 512GB,192g,12GB,16MP,50MP,Snapdragon 7 Gen 3,6400mAh,6.7 inches,"PKR 119,999","INR 64,999","CNY 5,499",USD 799,"AED 2,999",2024,12.0,192.0,16.0,50.0,1,6400,6.7,64999.0,119999.0,5499.0,799.0,2999.0,False,False,Snapdragon 7 (Upper-Mid),Premium
Oppo,F27 128GB,175g,8GB,32MP,64MP + 2MP,Dimensity 7050,5000mAh,6.7 inches,"PKR 79,999","INR 44,999","CNY 3,499",USD 499,"AED 1,899",2024,8.0,175.0,32.0,64.0,2,5000,6.7,44999.0,79999.0,3499.0,499.0,1899.0,False,False,Dimensity 7xxx (Mid),Upper Mid-Range
Oppo,F27 256GB,175g,8GB,32MP,64MP + 2MP,Dimensity 7050,5000mAh,6.7 inches,"PKR 84,999","INR 47,999","CNY 3,799",USD 549,"AED 2,099",2024,8.0,175.0,32.0,64.0,2,5000,6.7,47999.0,84999.0,3799.0,549.0,2099.0,False,False,Dimensity 7xxx (Mid),Upper Mid-Range
Oppo,F27 Pro+ 256GB,177g,8GB,32MP,64MP + 2MP,Dimensity 7050,5000mAh,6.7 inches,"PKR 89,999","INR 49,999","CNY 3,999",USD 599,"AED 2,199",2024,8.0,177.0,32.0,64.0,2,5000,6.7,49999.0,89999.0,3999.0,599.0,2199.0,False,False,Dimensity 7xxx (Mid),Upper Mid-Range
Oppo,F27 Pro+ 512GB,177g,12GB,32MP,64MP + 2MP,Dimensity 7050,5000mAh,6.7 inches,"PKR 99,999","INR 54,999","CNY 4,499",USD 699,"AED 2,499",2024,12.0,177.0,32.0,64.0,2,5000,6.7,54999.0,99999.0,4499.0,699.0,2499.0,False,False,Dimensity 7xxx (Mid),Upper Mid-Range
Oppo,F25 Pro 128GB,173g,8GB,32MP,64MP + 2MP,Snapdragon 778G,4500mAh,6.55 inches,"PKR 74,999","INR 42,999","CNY 3,499",USD 549,"AED 1,999",2023,8.0,173.0,32.0,64.0,2,4500,6.55,42999.0,74999.0,3499.0,549.0,1999.0,False,False,Snapdragon 7 (Upper-Mid),Upper Mid-Range
Oppo,F25 Pro 256GB,173g,8GB,32MP,64MP + 2MP,Snapdragon 778G,4500mAh,6.55 inches,"PKR 79,999","INR 44,999","CNY 3,799",USD 599,"AED 2,199",2023,8.0,173.0,32.0,64.0,2,4500,6.55,44999.0,79999.0,3799.0,599.0,2199.0,False,False,Snapdragon 7 (Upper-Mid),Upper Mid-Range
Oppo,Pad 3 128GB,533g,8GB,8MP,13MP,Dimensity 8350,9510mAh,11.6 inches,"PKR 99,999","INR 54,999","CNY 4,499",USD 699,"AED 2,499",2024,8.0,533.0,8.0,13.0,1,9510,11.6,54999.0,99999.0,4499.0,699.0,2499.0,True,False,Dimensity 8xxx (Upper-Mid),Upper Mid-Range
Oppo,Pad 3 256GB,533g,12GB,8MP,13MP,Dimensity 8350,9510mAh,11.6 inches,"PKR 109,999","INR 59,999","CNY 4,999",USD 799,"AED 2,799",2024,12.0,533.0,8.0,13.0,1,9510,11.6,59999.0,109999.0,4999.0,799.0,2799.0,True,False,Dimensity 8xxx (Upper-Mid),Upper Mid-Range
Oppo,Pad 3 Pro 256GB,586g,12GB,8MP,13MP,Snapdragon 8 Gen 3,9510mAh,12.1 inches,"PKR 119,999","INR 64,999","CNY 5,499",USD 899,"AED 3,299",2024,12.0,586.0,8.0,13.0,1,9510,12.1,64999.0,119999.0,5499.0,899.0,3299.0,True,False,Snapdragon 8 (Flagship),Premium
Oppo,Pad 3 Pro 512GB,586g,16GB,8MP,13MP,Snapdragon 8 Gen 3,9510mAh,12.1 inches,"PKR 129,999","INR 69,999","CNY 5,999",USD 999,"AED 3,699",2024,16.0,586.0,8.0,13.0,1,9510,12.1,69999.0,129999.0,5999.0,999.0,3699.0,True,False,Snapdragon 8 (Flagship),Premium
Oppo,Pad Neo 128GB,520g,6GB,8MP,13MP,Snapdragon 870,8360mAh,11 inches,"PKR 79,999","INR 44,999","CNY 3,499",USD 499,"AED 1,899",2023,6.0,520.0,8.0,13.0,1,8360,11.0,44999.0,79999.0,3499.0,499.0,1899.0,True,False,Snapdragon 8 (Flagship),Upper Mid-Range
Oppo,Pad Neo 256GB,520g,8GB,8MP,13MP,Snapdragon 870,8360mAh,11 inches,"PKR 89,999","INR 49,999","CNY 3,999",USD 599,"AED 2,199",2023,8.0,520.0,8.0,13.0,1,8360,11.0,49999.0,89999.0,3999.0,599.0,2199.0,True,False,Snapdragon 8 (Flagship),Upper Mid-Range
Oppo,Find X7 Ultra 256GB,221g,12GB,32MP,50MP + 50MP + 50MP,Snapdragon 8 Gen 3,5000mAh,6.82 inches,"PKR 199,999","INR 109,999","CNY 7,999","USD 1,199","AED 4,399",2024,12.0,221.0,32.0,50.0,3,5000,6.82,109999.0,199999.0,7999.0,1199.0,4399.0,False,False,Snapdragon 8 (Flagship),Ultra Premium
Oppo,Find X7 Ultra 512GB,221g,16GB,32MP,50MP + 50MP + 50MP,Snapdragon 8 Gen 3,5000mAh,6.82 inches,"PKR 219,999","INR 119,999","CNY 8,999","USD 1,299","AED 4,799",2024,16.0,221.0,32.0,50.0,3,5000,6.82,119999.0,219999.0,8999.0,1299.0,4799.0,False,False,Snapdragon 8 (Flagship),Ultra Premium
Oppo,Find X7 256GB,206g,12GB,32MP,50MP + 50MP + 64MP,Dimensity 9300,5000mAh,6.78 inches,"PKR 179,999","INR 99,999","CNY 6,999","USD 1,099","AED 3,999",2024,12.0,206.0,32.0,50.0,3,5000,6.78,99999.0,179999.0,6999.0,1099.0,3999.0,False,False,Dimensity 9xxx (Flagship),Premium
Oppo,Find X7 512GB,206g,16GB,32MP,50MP + 50MP + 64MP,Dimensity 9300,5000mAh,6.78 inches,"PKR 199,999","INR 109,999","CNY 7,999","USD 1,199","AED 4,399",2024,16.0,206.0,32.0,50.0,3,5000,6.78,109999.0,199999.0,7999.0,1199.0,4399.0,False,False,Dimensity 9xxx (Flagship),Ultra Premium
Oppo,Find X6 Pro 256GB,218g,12GB,32MP,50MP + 50MP + 50MP,Snapdragon 8 Gen 2,5000mAh,6.82 inches,"PKR 169,999","INR 94,999","CNY 6,499",USD 999,"AED 3,699",2023,12.0,218.0,32.0,50.0,3,5000,6.82,94999.0,169999.0,6499.0,999.0,3699.0,False,False,Snapdragon 8 (Flagship),Premium
Oppo,Find X6 Pro 512GB,218g,16GB,32MP,50MP + 50MP + 50MP,Snapdragon 8 Gen 2,5000mAh,6.82 inches,"PKR 189,999","INR 104,999","CNY 7,499","USD 1,099","AED 4,099",2023,16.0,218.0,32.0,50.0,3,5000,6.82,104999.0,189999.0,7499.0,1099.0,4099.0,False,False,Snapdragon 8 (Flagship),Ultra Premium
Oppo,Find X6 256GB,207g,12GB,32MP,50MP + 50MP + 50MP,Dimensity 9200,4800mAh,6.74 inches,"PKR 149,999","INR 84,999","CNY 5,999",USD 899,"AED 3,299",2023,12.0,207.0,32.0,50.0,3,4800,6.74,84999.0,149999.0,5999.0,899.0,3299.0,False,False,Dimensity 9xxx (Flagship),Premium
Oppo,Find X6 512GB,207g,16GB,32MP,50MP + 50MP + 50MP,Dimensity 9200,4800mAh,6.74 inches,"PKR 169,999","INR 94,999","CNY 6,999",USD 999,"AED 3,699",2023,16.0,207.0,32.0,50.0,3,4800,6.74,94999.0,169999.0,6999.0,999.0,3699.0,False,False,Dimensity 9xxx (Flagship),Premium
Oppo,Find X5 Pro 256GB,218g,12GB,32MP,50MP + 50MP + 13MP,Snapdragon 8 Gen 1,5000mAh,6.7 inches,"PKR 159,999","INR 89,999","CNY 5,999",USD 899,"AED 3,299",2022,12.0,218.0,32.0,50.0,3,5000,6.7,89999.0,159999.0,5999.0,899.0,3299.0,False,False,Snapdragon 8 (Flagship),Premium
Oppo,Find X5 Pro 512GB,218g,16GB,32MP,50MP + 50MP + 13MP,Snapdragon 8 Gen 1,5000mAh,6.7 inches,"PKR 179,999","INR 99,999","CNY 6,999",USD 999,"AED 3,699",2022,16.0,218.0,32.0,50.0,3,5000,6.7,99999.0,179999.0,6999.0,999.0,3699.0,False,False,Snapdragon 8 (Flagship),Premium
Oppo,Find X5 256GB,196g,8GB,32MP,50MP + 50MP + 13MP,Snapdragon 888,4800mAh,6.55 inches,"PKR 139,999","INR 79,999","CNY 4,999",USD 799,"AED 2,999",2022,8.0,196.0,32.0,50.0,3,4800,6.55,79999.0,139999.0,4999.0,799.0,2999.0,False,False,Snapdragon 8 (Flagship),Premium
Oppo,Find N2 Flip 256GB,191g,8GB,32MP,50MP + 8MP,Dimensity 9000+,4300mAh,6.8 inches,"PKR 149,999","INR 84,999","CNY 5,999",USD 899,"AED 3,299",2023,8.0,191.0,32.0,50.0,2,4300,6.8,84999.0,149999.0,5999.0,899.0,3299.0,False,True,Dimensity 9xxx (Flagship),Premium
Oppo,Find N2 Flip 512GB,191g,12GB,32MP,50MP + 8MP,Dimensity 9000+,4300mAh,6.8 inches,"PKR 169,999","INR 94,999","CNY 6,999",USD 999,"AED 3,699",2023,12.0,191.0,32.0,50.0,2,4300,6.8,94999.0,169999.0,6999.0,999.0,3699.0,False,True,Dimensity 9xxx (Flagship),Premium
Oppo,Find N2 256GB,233g,12GB,32MP,50MP + 48MP + 32MP,Snapdragon 8+ Gen 1,4520mAh,7.1 inches,"PKR 179,999","INR 99,999","CNY 6,999","USD 1,099","AED 3,999",2022,12.0,233.0,32.0,50.0,3,4520,7.1,99999.0,179999.0,6999.0,1099.0,3999.0,False,True,Snapdragon 8 (Flagship),Premium
Oppo,Reno10 5G 128GB,180g,8GB,32MP,64MP + 32MP + 8MP,Dimensity 7050,"5,000mAh",6.7 inches,"PKR 129,999","INR 38,999","CNY 2,699",USD 499,"AED 1,899",2023,8.0,180.0,32.0,64.0,3,5000,6.7,38999.0,129999.0,2699.0,499.0,1899.0,False,False,Dimensity 7xxx (Mid),Upper Mid-Range
Oppo,Reno10 5G 256GB,180g,8GB,32MP,64MP + 32MP + 8MP,Dimensity 7050,"5,000mAh",6.7 inches,"PKR 149,999","INR 42,999","CNY 2,999",USD 549,"AED 2,099",2023,8.0,180.0,32.0,64.0,3,5000,6.7,42999.0,149999.0,2999.0,549.0,2099.0,False,False,Dimensity 7xxx (Mid),Upper Mid-Range
Oppo,Reno10 Pro 5G 256GB,186g,12GB,32MP,50MP + 32MP + 8MP,Snapdragon 778G,"4,600mAh",6.7 inches,"PKR 169,999","INR 44,999","CNY 3,499",USD 599,"AED 2,299",2023,12.0,186.0,32.0,50.0,3,4600,6.7,44999.0,169999.0,3499.0,599.0,2299.0,False,False,Snapdragon 7 (Upper-Mid),Upper Mid-Range
Oppo,Reno10 Pro+ 5G 256GB,194g,16GB,32MP,50MP + 64MP + 8MP,Snapdragon 8+ Gen 1,"4,700mAh",6.74 inches,"PKR 199,999","INR 54,999","CNY 3,999",USD 699,"AED 2,599",2023,16.0,194.0,32.0,50.0,3,4700,6.74,54999.0,199999.0,3999.0,699.0,2599.0,False,False,Snapdragon 8 (Flagship),Upper Mid-Range
Oppo,Reno9 5G 128GB,174g,8GB,32MP,64MP + 2MP,Snapdragon 778G,"4,500mAh",6.7 inches,"PKR 109,999","INR 32,999","CNY 2,399",USD 449,"AED 1,699",2022,8.0,174.0,32.0,64.0,2,4500,6.7,32999.0,109999.0,2399.0,449.0,1699.0,False,False,Snapdragon 7 (Upper-Mid),Upper Mid-Range
Oppo,Reno9 5G 256GB,174g,12GB,32MP,64MP + 2MP,Snapdragon 778G,"4,500mAh",6.7 inches,"PKR 129,999","INR 36,999","CNY 2,699",USD 499,"AED 1,899",2022,12.0,174.0,32.0,64.0,2,4500,6.7,36999.0,129999.0,2699.0,499.0,1899.0,False,False,Snapdragon 7 (Upper-Mid),Upper Mid-Range
Oppo,Reno9 Pro 5G 256GB,184g,16GB,32MP,50MP + 8MP,Dimensity 8100,"4,500mAh",6.7 inches,"PKR 159,999","INR 42,999","CNY 3,299",USD 599,"AED 2,199",2022,16.0,184.0,32.0,50.0,2,4500,6.7,42999.0,159999.0,3299.0,599.0,2199.0,False,False,Dimensity 8xxx (Upper-Mid),Upper Mid-Range
Oppo,Reno9 Pro+ 5G 256GB,192g,16GB,32MP,50MP + 8MP + 2MP,Snapdragon 8+ Gen 1,"4,700mAh",6.7 inches,"PKR 189,999","INR 52,999","CNY 3,799",USD 649,"AED 2,499",2022,16.0,192.0,32.0,50.0,3,4700,6.7,52999.0,189999.0,3799.0,649.0,2499.0,False,False,Snapdragon 8 (Flagship),Upper Mid-Range
Oppo,Reno8 5G 128GB,179g,8GB,32MP,50MP + 8MP + 2MP,Dimensity 1300,"4,500mAh",6.4 inches,"PKR 89,999","INR 29,999","CNY 2,199",USD 399,"AED 1,499",2022,8.0,179.0,32.0,50.0,3,4500,6.4,29999.0,89999.0,2199.0,399.0,1499.0,False,False,Dimensity 6xx-1xxx (Entry-Mid),Mid-Range
Oppo,Reno8 5G 256GB,179g,12GB,32MP,50MP + 8MP + 2MP,Dimensity 1300,"4,500mAh",6.4 inches,"PKR 99,999","INR 34,999","CNY 2,499",USD 449,"AED 1,699",2022,12.0,179.0,32.0,50.0,3,4500,6.4,34999.0,99999.0,2499.0,449.0,1699.0,False,False,Dimensity 6xx-1xxx (Entry-Mid),Upper Mid-Range
Oppo,Reno8 Pro 5G 256GB,183g,12GB,32MP,50MP + 8MP + 2MP,Dimensity 8100,"4,500mAh",6.7 inches,"PKR 129,999","INR 42,999","CNY 3,099",USD 549,"AED 1,999",2022,12.0,183.0,32.0,50.0,3,4500,6.7,42999.0,129999.0,3099.0,549.0,1999.0,False,False,Dimensity 8xxx (Upper-Mid),Upper Mid-Range
Oppo,Reno8 Pro+ 5G 256GB,195g,12GB,32MP,50MP + 8MP + 2MP,Dimensity 8100,"4,500mAh",6.7 inches,"PKR 139,999","INR 46,999","CNY 3,399",USD 599,"AED 2,199",2022,12.0,195.0,32.0,50.0,3,4500,6.7,46999.0,139999.0,3399.0,599.0,2199.0,False,False,Dimensity 8xxx (Upper-Mid),Upper Mid-Range
Oppo,Reno7 5G 128GB,173g,8GB,32MP,64MP + 8MP + 2MP,Dimensity 900,"4,500mAh",6.4 inches,"PKR 79,999","INR 28,999","CNY 1,999",USD 349,"AED 1,299",2021,8.0,173.0,32.0,64.0,3,4500,6.4,28999.0,79999.0,1999.0,349.0,1299.0,False,False,Dimensity 9xxx (Flagship),Mid-Range
Oppo,Reno7 5G 256GB,173g,12GB,32MP,64MP + 8MP + 2MP,Dimensity 900,"4,500mAh",6.4 inches,"PKR 89,999","INR 32,999","CNY 2,199",USD 399,"AED 1,499",2021,12.0,173.0,32.0,64.0,3,4500,6.4,32999.0,89999.0,2199.0,399.0,1499.0,False,False,Dimensity 9xxx (Flagship),Upper Mid-Range
Oppo,Reno7 Pro 5G 256GB,180g,12GB,32MP,50MP + 8MP + 2MP,Dimensity 1200,"4,500mAh",6.55 inches,"PKR 109,999","INR 39,999","CNY 2,799",USD 499,"AED 1,799",2021,12.0,180.0,32.0,50.0,3,4500,6.55,39999.0,109999.0,2799.0,499.0,1799.0,False,False,Dimensity 6xx-1xxx (Entry-Mid),Upper Mid-Range
Oppo,Reno6 5G 128GB,182g,8GB,32MP,64MP + 8MP + 2MP,Dimensity 900,"4,300mAh",6.43 inches,"PKR 79,999","INR 29,999","CNY 2,399",USD 349,"AED 1,299",2021,8.0,182.0,32.0,64.0,3,4300,6.43,29999.0,79999.0,2399.0,349.0,1299.0,False,False,Dimensity 9xxx (Flagship),Mid-Range
Oppo,Reno6 5G 256GB,182g,12GB,32MP,64MP + 8MP + 2MP,Dimensity 900,"4,300mAh",6.43 inches,"PKR 89,999","INR 32,999","CNY 2,699",USD 399,"AED 1,499",2021,12.0,182.0,32.0,64.0,3,4300,6.43,32999.0,89999.0,2699.0,399.0,1499.0,False,False,Dimensity 9xxx (Flagship),Upper Mid-Range
Oppo,Reno6 Pro 5G 128GB,177g,8GB,32MP,64MP + 8MP + 2MP + 2MP,Dimensity 1200,"4,500mAh",6.55 inches,"PKR 99,999","INR 39,999","CNY 2,999",USD 449,"AED 1,699",2021,8.0,177.0,32.0,64.0,4,4500,6.55,39999.0,99999.0,2999.0,449.0,1699.0,False,False,Dimensity 6xx-1xxx (Entry-Mid),Upper Mid-Range
Oppo,Reno6 Pro 5G 256GB,177g,12GB,32MP,64MP + 8MP + 2MP + 2MP,Dimensity 1200,"4,500mAh",6.55 inches,"PKR 109,999","INR 44,999","CNY 3,299",USD 499,"AED 1,899",2021,12.0,177.0,32.0,64.0,4,4500,6.55,44999.0,109999.0,3299.0,499.0,1899.0,False,False,Dimensity 6xx-1xxx (Entry-Mid),Upper Mid-Range
Oppo,Reno6 Pro+ 5G 256GB,188g,12GB,32MP,50MP + 13MP + 16MP + 2MP,Snapdragon 870,"4,500mAh",6.55 inches,"PKR 129,999","INR 49,999","CNY 3,999",USD 599,"AED 2,199",2021,12.0,188.0,32.0,50.0,4,4500,6.55,49999.0,129999.0,3999.0,599.0,2199.0,False,False,Snapdragon 8 (Flagship),Upper Mid-Range
Oppo,Reno5 5G 128GB,180g,8GB,32MP,64MP + 8MP + 2MP + 2MP,Snapdragon 765G,"4,300mAh",6.43 inches,"PKR 69,999","INR 26,999","CNY 2,099",USD 299,"AED 1,099",2020,8.0,180.0,32.0,64.0,4,4300,6.43,26999.0,69999.0,2099.0,299.0,1099.0,False,False,Snapdragon 7 (Upper-Mid),Mid-Range
Oppo,Reno5 5G 256GB,180g,12GB,32MP,64MP + 8MP + 2MP + 2MP,Snapdragon 765G,"4,300mAh",6.43 inches,"PKR 79,999","INR 29,999","CNY 2,399",USD 349,"AED 1,299",2020,12.0,180.0,32.0,64.0,4,4300,6.43,29999.0,79999.0,2399.0,349.0,1299.0,False,False,Snapdragon 7 (Upper-Mid),Mid-Range
Oppo,Reno5 Pro 5G 128GB,173g,8GB,32MP,64MP + 8MP + 2MP + 2MP,Dimensity 1000+,"4,350mAh",6.55 inches,"PKR 89,999","INR 32,999","CNY 2,799",USD 399,"AED 1,499",2020,8.0,173.0,32.0,64.0,4,4350,6.55,32999.0,89999.0,2799.0,399.0,1499.0,False,False,Dimensity 6xx-1xxx (Entry-Mid),Upper Mid-Range
Oppo,Reno5 Pro 5G 256GB,173g,12GB,32MP,64MP + 8MP + 2MP + 2MP,Dimensity 1000+,"4,350mAh",6.55 inches,"PKR 99,999","INR 36,999","CNY 3,099",USD 449,"AED 1,699",2020,12.0,173.0,32.0,64.0,4,4350,6.55,36999.0,99999.0,3099.0,449.0,1699.0,False,False,Dimensity 6xx-1xxx (Entry-Mid),Upper Mid-Range
Oppo,Reno5 Pro+ 5G 256GB,184g,12GB,32MP,50MP + 16MP + 13MP + 2MP,Snapdragon 865,"4,500mAh",6.55 inches,"PKR 119,999","INR 44,999","CNY 3,799",USD 599,"AED 2,099",2020,12.0,184.0,32.0,50.0,4,4500,6.55,44999.0,119999.0,3799.0,599.0,2099.0,False,False,Snapdragon 8 (Flagship),Upper Mid-Range
Oppo,Reno4 5G 128GB,183g,8GB,32MP,48MP + 8MP + 2MP + 2MP,Snapdragon 765G,"4,000mAh",6.43 inches,"PKR 59,999","INR 24,999","CNY 1,899",USD 299,AED 999,2020,8.0,183.0,32.0,48.0,4,4000,6.43,24999.0,59999.0,1899.0,299.0,999.0,False,False,Snapdragon 7 (Upper-Mid),Mid-Range
Oppo,Reno4 5G 256GB,183g,8GB,32MP,48MP + 8MP + 2MP + 2MP,Snapdragon 765G,"4,000mAh",6.43 inches,"PKR 69,999","INR 26,999","CNY 2,199",USD 349,"AED 1,199",2020,8.0,183.0,32.0,48.0,4,4000,6.43,26999.0,69999.0,2199.0,349.0,1199.0,False,False,Snapdragon 7 (Upper-Mid),Mid-Range
Oppo,Reno4 Pro 5G 256GB,172g,12GB,32MP,48MP + 13MP + 12MP,Snapdragon 765G,"4,000mAh",6.55 inches,"PKR 99,999","INR 39,999","CNY 3,299",USD 499,"AED 1,799",2020,12.0,172.0,32.0,48.0,3,4000,6.55,39999.0,99999.0,3299.0,499.0,1799.0,False,False,Snapdragon 7 (Upper-Mid),Upper Mid-Range
Oppo,Reno3 5G 128GB,181g,8GB,32MP,64MP + 8MP + 2MP + 2MP,Dimensity 1000L,"4,025mAh",6.4 inches,"PKR 49,999","INR 22,999","CNY 1,799",USD 249,AED 899,2019,8.0,181.0,32.0,64.0,4,4025,6.4,22999.0,49999.0,1799.0,249.0,899.0,False,False,Dimensity 6xx-1xxx (Entry-Mid),Mid-Range
Oppo,Reno3 5G 256GB,181g,12GB,32MP,64MP + 8MP + 2MP + 2MP,Dimensity 1000L,"4,025mAh",6.4 inches,"PKR 59,999","INR 26,999","CNY 2,099",USD 299,"AED 1,099",2019,12.0,181.0,32.0,64.0,4,4025,6.4,26999.0,59999.0,2099.0,299.0,1099.0,False,False,Dimensity 6xx-1xxx (Entry-Mid),Mid-Range
Oppo,Reno3 Pro 5G 256GB,171g,12GB,32MP,48MP + 13MP + 8MP + 2MP,Snapdragon 765G,"4,025mAh",6.5 inches,"PKR 79,999","INR 34,999","CNY 3,299",USD 499,"AED 1,799",2019,12.0,171.0,32.0,48.0,4,4025,6.5,34999.0,79999.0,3299.0,499.0,1799.0,False,False,Snapdragon 7 (Upper-Mid),Upper Mid-Range
Oppo,A59 5G 128GB,186g,6GB,8MP,13MP + 2MP,MediaTek Dimensity 6020,"5,000mAh",6.56 inches,"PKR 39,999","INR 14,999","CNY 1,699",USD 199,"AED 1,000",2023,6.0,186.0,8.0,13.0,2,5000,6.56,14999.0,39999.0,1699.0,199.0,1000.0,False,False,Dimensity 6xx-1xxx (Entry-Mid),Budget
Oppo,A59 5G 256GB,186g,8GB,8MP,13MP + 2MP,MediaTek Dimensity 6020,"5,000mAh",6.56 inches,"PKR 44,999","INR 16,999","CNY 1,899",USD 229,"AED 1,200",2023,8.0,186.0,8.0,13.0,2,5000,6.56,16999.0,44999.0,1899.0,229.0,1200.0,False,False,Dimensity 6xx-1xxx (Entry-Mid),Mid-Range
Oppo,A58 5G 256GB,188g,8GB,8MP,50MP + 2MP,MediaTek Dimensity 700,"5,000mAh",6.56 inches,"PKR 49,999","INR 19,000","CNY 1,699",USD 249,"AED 1,300",2022,8.0,188.0,8.0,50.0,2,5000,6.56,19000.0,49999.0,1699.0,249.0,1300.0,False,False,Dimensity 7xxx (Mid),Mid-Range
Oppo,A57 5G 128GB,186g,6GB,8MP,13MP + 2MP,MediaTek Dimensity 810,"5,000mAh",6.56 inches,"PKR 34,999","INR 15,999","CNY 1,599",USD 219,"AED 1,100",2022,6.0,186.0,8.0,13.0,2,5000,6.56,15999.0,34999.0,1599.0,219.0,1100.0,False,False,Dimensity 8xxx (Upper-Mid),Mid-Range
Oppo,A56 5G 128GB,189g,6GB,8MP,13MP + 2MP,MediaTek Dimensity 700,"5,000mAh",6.5 inches,"PKR 32,999","INR 14,999","CNY 1,499",USD 199,"AED 1,000",2021,6.0,189.0,8.0,13.0,2,5000,6.5,14999.0,32999.0,1499.0,199.0,1000.0,False,False,Dimensity 7xxx (Mid),Budget
Oppo,A55 5G 128GB,186g,6GB,8MP,13MP + 2MP + 2MP,MediaTek Dimensity 700,"5,000mAh",6.5 inches,"PKR 29,999","INR 13,999","CNY 1,399",USD 189,AED 950,2021,6.0,186.0,8.0,13.0,3,5000,6.5,13999.0,29999.0,1399.0,189.0,950.0,False,False,Dimensity 7xxx (Mid),Budget
Oppo,A54 5G 128GB,190g,6GB,16MP,48MP + 8MP + 2MP + 2MP,Qualcomm Snapdragon 480,"5,000mAh",6.5 inches,"PKR 34,999","INR 15,999","CNY 1,599",USD 219,"AED 1,100",2021,6.0,190.0,16.0,48.0,4,5000,6.5,15999.0,34999.0,1599.0,219.0,1100.0,False,False,Snapdragon 4/5 (Entry-Mid),Mid-Range
Oppo,A53 5G 128GB,175g,4GB,8MP,16MP + 2MP + 2MP,MediaTek Dimensity 720,"4,040mAh",6.5 inches,"PKR 27,999","INR 12,999","CNY 1,299",USD 179,AED 900,2020,4.0,175.0,8.0,16.0,3,4040,6.5,12999.0,27999.0,1299.0,179.0,900.0,False,False,Dimensity 7xxx (Mid),Budget
Oppo,A52 5G 128GB,184g,4GB,8MP,12MP + 8MP + 2MP + 2MP,MediaTek Dimensity 720,"4,000mAh",6.5 inches,"PKR 25,999","INR 11,999","CNY 1,199",USD 169,AED 850,2020,4.0,184.0,8.0,12.0,4,4000,6.5,11999.0,25999.0,1199.0,169.0,850.0,False,False,Dimensity 7xxx (Mid),Budget
Oppo,A51 5G 128GB,186g,4GB,8MP,13MP + 2MP + 2MP,MediaTek Dimensity 700,"4,000mAh",6.5 inches,"PKR 23,999","INR 10,999","CNY 1,099",USD 149,AED 800,2020,4.0,186.0,8.0,13.0,3,4000,6.5,10999.0,23999.0,1099.0,149.0,800.0,False,False,Dimensity 7xxx (Mid),Budget
Oppo,A50 5G 128GB,185g,4GB,8MP,13MP + 2MP,MediaTek Dimensity 700,"4,000mAh",6.5 inches,"PKR 21,999","INR 9,999",CNY 999,USD 139,AED 750,2020,4.0,185.0,8.0,13.0,2,4000,6.5,9999.0,21999.0,999.0,139.0,750.0,False,False,Dimensity 7xxx (Mid),Budget
Oppo,A49 5G 128GB,185g,4GB,8MP,13MP + 2MP,MediaTek Dimensity 700,"4,000mAh",6.5 inches,"PKR 19,999","INR 8,999",CNY 899,USD 129,AED 700,2020,4.0,185.0,8.0,13.0,2,4000,6.5,8999.0,19999.0,899.0,129.0,700.0,False,False,Dimensity 7xxx (Mid),Budget
Oppo,A40 128GB,186g,4GB,5MP,50MP,Qualcomm Snapdragon 6s Gen 1,"5,100mAh",6.67 inches,"PKR 39,999","INR 19,999","CNY 1,499",USD 199,"AED 1,000",2024,4.0,186.0,5.0,50.0,1,5100,6.67,19999.0,39999.0,1499.0,199.0,1000.0,False,False,Snapdragon 6 (Mid),Mid-Range
Oppo,A40 256GB,186g,6GB,5MP,50MP,Qualcomm Snapdragon 6s Gen 1,"5,100mAh",6.67 inches,"PKR 44,999","INR 22,999","CNY 1,799",USD 229,"AED 1,200",2024,6.0,186.0,5.0,50.0,1,5100,6.67,22999.0,44999.0,1799.0,229.0,1200.0,False,False,Snapdragon 6 (Mid),Mid-Range
Oppo,K11x 128GB,195g,8GB,16MP,108MP + 2MP,Qualcomm Snapdragon 695,"5,000mAh",6.72 inches,"PKR 59,999","INR 18,000","CNY 1,499",USD 199,"AED 1,000",2023,8.0,195.0,16.0,108.0,2,5000,6.72,18000.0,59999.0,1499.0,199.0,1000.0,False,False,Snapdragon 6 (Mid),Mid-Range
Oppo,K11x 256GB,195g,12GB,16MP,108MP + 2MP,Qualcomm Snapdragon 695,"5,000mAh",6.72 inches,"PKR 64,999","INR 20,000","CNY 1,699",USD 229,"AED 1,200",2023,12.0,195.0,16.0,108.0,2,5000,6.72,20000.0,64999.0,1699.0,229.0,1200.0,False,False,Snapdragon 6 (Mid),Mid-Range
Oppo,K10x 128GB,195g,6GB,16MP,64MP + 2MP + 2MP,Qualcomm Snapdragon 695,"5,000mAh",6.59 inches,"PKR 54,999","INR 16,990","CNY 1,499",USD 199,"AED 1,000",2022,6.0,195.0,16.0,64.0,3,5000,6.59,16990.0,54999.0,1499.0,199.0,1000.0,False,False,Snapdragon 6 (Mid),Mid-Range
Oppo,K10x 256GB,195g,8GB,16MP,64MP + 2MP + 2MP,Qualcomm Snapdragon 695,"5,000mAh",6.59 inches,"PKR 59,999","INR 18,990","CNY 1,699",USD 229,"AED 1,200",2022,8.0,195.0,16.0,64.0,3,5000,6.59,18990.0,59999.0,1699.0,229.0,1200.0,False,False,Snapdragon 6 (Mid),Mid-Range
Oppo,K10 5G 128GB,205g,8GB,16MP,64MP + 8MP + 2MP,MediaTek Dimensity 8000-Max,"5,000mAh",6.59 inches,"PKR 64,999","INR 19,999","CNY 1,799",USD 249,"AED 1,300",2022,8.0,205.0,16.0,64.0,3,5000,6.59,19999.0,64999.0,1799.0,249.0,1300.0,False,False,Dimensity 8xxx (Upper-Mid),Mid-Range
Oppo,K9x 128GB,194g,6GB,16MP,64MP + 2MP + 2MP,MediaTek Dimensity 810,"5,000mAh",6.5 inches,"PKR 49,999","INR 15,999","CNY 1,499",USD 199,"AED 1,000",2021,6.0,194.0,16.0,64.0,3,5000,6.5,15999.0,49999.0,1499.0,199.0,1000.0,False,False,Dimensity 8xxx (Upper-Mid),Mid-Range
Oppo,K9x 256GB,194g,8GB,16MP,64MP + 2MP + 2MP,MediaTek Dimensity 810,"5,000mAh",6.5 inches,"PKR 54,999","INR 17,999","CNY 1,699",USD 229,"AED 1,200",2021,8.0,194.0,16.0,64.0,3,5000,6.5,17999.0,54999.0,1699.0,229.0,1200.0,False,False,Dimensity 8xxx (Upper-Mid),Mid-Range
Oppo,K9 Pro 5G 128GB,180g,8GB,16MP,64MP + 8MP + 2MP,MediaTek Dimensity 1200,"4,500mAh",6.43 inches,"PKR 69,999","INR 24,999","CNY 2,199",USD 299,"AED 1,500",2021,8.0,180.0,16.0,64.0,3,4500,6.43,24999.0,69999.0,2199.0,299.0,1500.0,False,False,Dimensity 6xx-1xxx (Entry-Mid),Mid-Range
Oppo,K9 Pro 5G 256GB,180g,12GB,16MP,64MP + 8MP + 2MP,MediaTek Dimensity 1200,"4,500mAh",6.43 inches,"PKR 74,999","INR 27,999","CNY 2,499",USD 329,"AED 1,700",2021,12.0,180.0,16.0,64.0,3,4500,6.43,27999.0,74999.0,2499.0,329.0,1700.0,False,False,Dimensity 6xx-1xxx (Entry-Mid),Mid-Range
Oppo,K9 5G 128GB,172g,8GB,32MP,64MP + 8MP + 2MP,Qualcomm Snapdragon 768G,"4,300mAh",6.43 inches,"PKR 59,999","INR 22,999","CNY 1,999",USD 279,"AED 1,400",2021,8.0,172.0,32.0,64.0,3,4300,6.43,22999.0,59999.0,1999.0,279.0,1400.0,False,False,Snapdragon 7 (Upper-Mid),Mid-Range
Oppo,K9 5G 256GB,172g,8GB,32MP,64MP + 8MP + 2MP,Qualcomm Snapdragon 768G,"4,300mAh",6.43 inches,"PKR 64,999","INR 24,999","CNY 2,199",USD 299,"AED 1,500",2021,8.0,172.0,32.0,64.0,3,4300,6.43,24999.0,64999.0,2199.0,299.0,1500.0,False,False,Snapdragon 7 (Upper-Mid),Mid-Range
Oppo,K7x 128GB,194g,6GB,16MP,48MP + 8MP + 2MP + 2MP,MediaTek Dimensity 720,"5,000mAh",6.5 inches,"PKR 44,999","INR 14,999","CNY 1,499",USD 199,"AED 1,000",2020,6.0,194.0,16.0,48.0,4,5000,6.5,14999.0,44999.0,1499.0,199.0,1000.0,False,False,Dimensity 7xxx (Mid),Budget
Oppo,K7 5G 128GB,180g,8GB,32MP,48MP + 8MP + 2MP + 2MP,Qualcomm Snapdragon 765G,"4,025mAh",6.4 inches,"PKR 49,999","INR 19,999","CNY 1,999",USD 279,"AED 1,400",2020,8.0,180.0,32.0,48.0,4,4025,6.4,19999.0,49999.0,1999.0,279.0,1400.0,False,False,Snapdragon 7 (Upper-Mid),Mid-Range
Oppo,K7 5G 256GB,180g,8GB,32MP,48MP + 8MP + 2MP + 2MP,Qualcomm Snapdragon 765G,"4,025mAh",6.4 inches,"PKR 54,999","INR 21,999","CNY 2,199",USD 299,"AED 1,500",2020,8.0,180.0,32.0,48.0,4,4025,6.4,21999.0,54999.0,2199.0,299.0,1500.0,False,False,Snapdragon 7 (Upper-Mid),Mid-Range
Oppo,K11 128GB,184g,8GB,16MP,64MP + 8MP + 2MP,Qualcomm Snapdragon 782G,"5,000mAh",6.7 inches,"PKR 69,999","INR 21,999","CNY 1,899",USD 259,"AED 1,300",2023,8.0,184.0,16.0,64.0,3,5000,6.7,21999.0,69999.0,1899.0,259.0,1300.0,False,False,Snapdragon 7 (Upper-Mid),Mid-Range
Oppo,K11 256GB,184g,12GB,16MP,64MP + 8MP + 2MP,Qualcomm Snapdragon 782G,"5,000mAh",6.7 inches,"PKR 74,999","INR 24,999","CNY 2,199",USD 299,"AED 1,500",2023,12.0,184.0,16.0,64.0,3,5000,6.7,24999.0,74999.0,2199.0,299.0,1500.0,False,False,Snapdragon 7 (Upper-Mid),Mid-Range
Oppo,K10 5G 256GB,205g,12GB,16MP,64MP + 8MP + 2MP,MediaTek Dimensity 8000-Max,"5,000mAh",6.59 inches,"PKR 69,999","INR 22,999","CNY 2,099",USD 279,"AED 1,500",2022,12.0,205.0,16.0,64.0,3,5000,6.59,22999.0,69999.0,2099.0,279.0,1500.0,False,False,Dimensity 8xxx (Upper-Mid),Mid-Range
Realme,GT 7 Pro 128GB,222.8g,12GB,16MP,50MP + 50MP + 8MP,Qualcomm Snapdragon 8 Elite,"6,500mAh",6.78 inches,"PKR 139,999","INR 59,999","CNY 3,400",USD 470,"AED 1,725",2024,12.0,222.8,16.0,50.0,3,6500,6.78,59999.0,139999.0,3400.0,470.0,1725.0,False,False,Snapdragon 8 (Flagship),Upper Mid-Range
Realme,GT 7 Pro 256GB,222.8g,16GB,16MP,50MP + 50MP + 8MP,Qualcomm Snapdragon 8 Elite,"6,500mAh",6.78 inches,"PKR 149,999","INR 65,999","CNY 3,600",USD 500,"AED 1,840",2024,16.0,222.8,16.0,50.0,3,6500,6.78,65999.0,149999.0,3600.0,500.0,1840.0,False,False,Snapdragon 8 (Flagship),Premium
Realme,GT 6 128GB,191g,8GB,32MP,50MP + 8MP + 50MP,Qualcomm Snapdragon 8s Gen 3,"5,500mAh",6.78 inches,"PKR 89,999","INR 37,999","CNY 2,800",USD 380,"AED 1,400",2023,8.0,191.0,32.0,50.0,3,5500,6.78,37999.0,89999.0,2800.0,380.0,1400.0,False,False,Snapdragon 8s (Near-Flagship),Upper Mid-Range
Realme,GT 6 256GB,191g,12GB,32MP,50MP + 8MP + 50MP,Qualcomm Snapdragon 8s Gen 3,"5,500mAh",6.78 inches,"PKR 94,999","INR 39,999","CNY 2,900",USD 400,"AED 1,460",2023,12.0,191.0,32.0,50.0,3,5500,6.78,39999.0,94999.0,2900.0,400.0,1460.0,False,False,Snapdragon 8s (Near-Flagship),Upper Mid-Range
Realme,GT 6 512GB,191g,16GB,32MP,50MP + 8MP + 50MP,Qualcomm Snapdragon 8s Gen 3,"5,500mAh",6.78 inches,"PKR 99,999","INR 41,999","CNY 3,000",USD 420,"AED 1,520",2023,16.0,191.0,32.0,50.0,3,5500,6.78,41999.0,99999.0,3000.0,420.0,1520.0,False,False,Snapdragon 8s (Near-Flagship),Upper Mid-Range
Realme,GT 6T 128GB,191g,8GB,32MP,50MP + 8MP,Qualcomm Snapdragon 7 Plus Gen 3,"5,500mAh",6.78 inches,"PKR 84,999","INR 28,756","CNY 2,700",USD 360,"AED 1,330",2023,8.0,191.0,32.0,50.0,2,5500,6.78,28756.0,84999.0,2700.0,360.0,1330.0,False,False,Snapdragon 7 (Upper-Mid),Mid-Range
Realme,GT 6T 256GB,191g,8GB,32MP,50MP + 8MP,Qualcomm Snapdragon 7 Plus Gen 3,"5,500mAh",6.78 inches,"PKR 89,999","INR 30,999","CNY 2,800",USD 380,"AED 1,400",2023,8.0,191.0,32.0,50.0,2,5500,6.78,30999.0,89999.0,2800.0,380.0,1400.0,False,False,Snapdragon 7 (Upper-Mid),Upper Mid-Range
Realme,14 Pro+ 5G 256GB,184g,12GB,16MP,50MP + 8MP + 50MP,Qualcomm Snapdragon 7s Gen 3,"6,000mAh",6.83 inches,"PKR 94,999","INR 34,999","CNY 2,600",USD 340,"AED 1,250",2025,12.0,184.0,16.0,50.0,3,6000,6.83,34999.0,94999.0,2600.0,340.0,1250.0,False,False,Snapdragon 7 (Upper-Mid),Upper Mid-Range
Realme,14 Pro+ 5G 512GB,184g,12GB,16MP,50MP + 8MP + 50MP,Qualcomm Snapdragon 7s Gen 3,"6,000mAh",6.83 inches,"PKR 99,999","INR 36,999","CNY 2,800",USD 360,"AED 1,320",2025,12.0,184.0,16.0,50.0,3,6000,6.83,36999.0,99999.0,2800.0,360.0,1320.0,False,False,Snapdragon 7 (Upper-Mid),Upper Mid-Range
Realme,14 Pro 5G 128GB,184g,8GB,16MP,50MP + 8MP,MediaTek Dimensity 7300 Energy,"5,800mAh",6.7 inches,"PKR 79,999","INR 29,999","CNY 2,400",USD 320,"AED 1,150",2025,8.0,184.0,16.0,50.0,2,5800,6.7,29999.0,79999.0,2400.0,320.0,1150.0,False,False,Dimensity 7xxx (Mid),Mid-Range
Realme,14 Pro 5G 256GB,184g,8GB,16MP,50MP + 8MP,MediaTek Dimensity 7300 Energy,"5,800mAh",6.7 inches,"PKR 84,999","INR 31,999","CNY 2,500",USD 340,"AED 1,210",2025,8.0,184.0,16.0,50.0,2,5800,6.7,31999.0,84999.0,2500.0,340.0,1210.0,False,False,Dimensity 7xxx (Mid),Upper Mid-Range
Realme,14x 5G 128GB,190g,6GB,16MP,48MP + 2MP + 2MP,Qualcomm Snapdragon 7s Gen 2,"5,500mAh",6.6 inches,"PKR 64,999","INR 24,999","CNY 2,000",USD 270,AED 970,2025,6.0,190.0,16.0,48.0,3,5500,6.6,24999.0,64999.0,2000.0,270.0,970.0,False,False,Snapdragon 7 (Upper-Mid),Mid-Range
Realme,14x 5G 256GB,190g,8GB,16MP,48MP + 2MP + 2MP,Qualcomm Snapdragon 7s Gen 2,"5,500mAh",6.6 inches,"PKR 69,999","INR 26,999","CNY 2,100",USD 290,"AED 1,030",2025,8.0,190.0,16.0,48.0,3,5500,6.6,26999.0,69999.0,2100.0,290.0,1030.0,False,False,Snapdragon 7 (Upper-Mid),Mid-Range
Realme,13+ 5G 128GB,185g,8GB,16MP,50MP + 2MP,MediaTek Dimensity 7200,"5,000mAh",6.5 inches,"PKR 59,999","INR 22,999","CNY 1,800",USD 250,AED 900,2024,8.0,185.0,16.0,50.0,2,5000,6.5,22999.0,59999.0,1800.0,250.0,900.0,False,False,Dimensity 7xxx (Mid),Mid-Range
Realme,13+ 5G 256GB,185g,8GB,16MP,50MP + 2MP,MediaTek Dimensity 7200,"5,000mAh",6.5 inches,"PKR 64,999","INR 24,999","CNY 1,900",USD 270,AED 970,2024,8.0,185.0,16.0,50.0,2,5000,6.5,24999.0,64999.0,1900.0,270.0,970.0,False,False,Dimensity 7xxx (Mid),Mid-Range
Realme,13 5G 128GB,190g,6GB,16MP,50MP + 2MP,MediaTek Dimensity 6100+,"5,000mAh",6.6 inches,"PKR 49,999","INR 18,999","CNY 1,500",USD 220,AED 800,2024,6.0,190.0,16.0,50.0,2,5000,6.6,18999.0,49999.0,1500.0,220.0,800.0,False,False,Dimensity 6xx-1xxx (Entry-Mid),Mid-Range
Realme,13 5G 256GB,190g,8GB,16MP,50MP + 2MP,MediaTek Dimensity 6100+,"5,000mAh",6.6 inches,"PKR 54,999","INR 20,999","CNY 1,600",USD 240,AED 860,2024,8.0,190.0,16.0,50.0,2,5000,6.6,20999.0,54999.0,1600.0,240.0,860.0,False,False,Dimensity 6xx-1xxx (Entry-Mid),Mid-Range
Realme,13 Pro 5G 128GB,192g,8GB,16MP,50MP + 8MP + 2MP,Qualcomm Snapdragon 7s Gen 2,"5,200mAh",6.7 inches,"PKR 74,999","INR 27,999","CNY 2,200",USD 300,"AED 1,070",2024,8.0,192.0,16.0,50.0,3,5200,6.7,27999.0,74999.0,2200.0,300.0,1070.0,False,False,Snapdragon 7 (Upper-Mid),Mid-Range
Realme,13 Pro 5G 256GB,192g,12GB,16MP,50MP + 8MP + 2MP,Qualcomm Snapdragon 7s Gen 2,"5,200mAh",6.7 inches,"PKR 79,999","INR 29,999","CNY 2,400",USD 320,"AED 1,140",2024,12.0,192.0,16.0,50.0,3,5200,6.7,29999.0,79999.0,2400.0,320.0,1140.0,False,False,Snapdragon 7 (Upper-Mid),Mid-Range
Realme,13 Pro+ 5G 256GB,195g,12GB,32MP,50MP + 8MP + 50MP,Qualcomm Snapdragon 7+ Gen 2,"5,500mAh",6.78 inches,"PKR 94,999","INR 34,999","CNY 2,800",USD 360,"AED 1,320",2024,12.0,195.0,32.0,50.0,3,5500,6.78,34999.0,94999.0,2800.0,360.0,1320.0,False,False,Snapdragon 7 (Upper-Mid),Upper Mid-Range
Realme,13 Pro+ 5G 512GB,195g,16GB,32MP,50MP + 8MP + 50MP,Qualcomm Snapdragon 7+ Gen 2,"5,500mAh",6.78 inches,"PKR 99,999","INR 36,999","CNY 3,000",USD 380,"AED 1,390",2024,16.0,195.0,32.0,50.0,3,5500,6.78,36999.0,99999.0,3000.0,380.0,1390.0,False,False,Snapdragon 7 (Upper-Mid),Upper Mid-Range
Realme,P1 Speed 5G 128GB,185g,8GB,16MP,64MP + 2MP,MediaTek Dimensity 8100,"5,100mAh",6.7 inches,"PKR 54,999","INR 19,999","CNY 1,800",USD 250,AED 900,2024,8.0,185.0,16.0,64.0,2,5100,6.7,19999.0,54999.0,1800.0,250.0,900.0,False,False,Dimensity 8xxx (Upper-Mid),Mid-Range
Realme,P1 Speed 5G 256GB,185g,12GB,16MP,64MP + 2MP,MediaTek Dimensity 8100,"5,100mAh",6.7 inches,"PKR 59,999","INR 21,999","CNY 1,900",USD 270,AED 960,2024,12.0,185.0,16.0,64.0,2,5100,6.7,21999.0,59999.0,1900.0,270.0,960.0,False,False,Dimensity 8xxx (Upper-Mid),Mid-Range
Realme,P2 Pro 5G 256GB,188g,12GB,32MP,50MP + 8MP + 50MP,Qualcomm Snapdragon 7+ Gen 3,"5,500mAh",6.78 inches,"PKR 89,999","INR 32,999","CNY 2,500",USD 340,"AED 1,210",2024,12.0,188.0,32.0,50.0,3,5500,6.78,32999.0,89999.0,2500.0,340.0,1210.0,False,False,Snapdragon 7 (Upper-Mid),Upper Mid-Range
Realme,P2 Pro 5G 512GB,188g,16GB,32MP,50MP + 8MP + 50MP,Qualcomm Snapdragon 7+ Gen 3,"5,500mAh",6.78 inches,"PKR 94,999","INR 34,999","CNY 2,700",USD 360,"AED 1,280",2024,16.0,188.0,32.0,50.0,3,5500,6.78,34999.0,94999.0,2700.0,360.0,1280.0,False,False,Snapdragon 7 (Upper-Mid),Upper Mid-Range
Realme,P1 5G 128GB,184g,6GB,16MP,50MP + 2MP,MediaTek Dimensity 6100+,"5,000mAh",6.6 inches,"PKR 44,999","INR 16,999","CNY 1,400",USD 200,AED 720,2024,6.0,184.0,16.0,50.0,2,5000,6.6,16999.0,44999.0,1400.0,200.0,720.0,False,False,Dimensity 6xx-1xxx (Entry-Mid),Mid-Range
Realme,P1 5G 256GB,184g,8GB,16MP,50MP + 2MP,MediaTek Dimensity 6100+,"5,000mAh",6.6 inches,"PKR 49,999","INR 18,999","CNY 1,500",USD 220,AED 780,2024,8.0,184.0,16.0,50.0,2,5000,6.6,18999.0,49999.0,1500.0,220.0,780.0,False,False,Dimensity 6xx-1xxx (Entry-Mid),Mid-Range
Realme,P1 Pro 5G 128GB,190g,8GB,16MP,64MP + 2MP,Qualcomm Snapdragon 7s Gen 1,"5,200mAh",6.7 inches,"PKR 59,999","INR 22,999","CNY 1,900",USD 270,AED 960,2024,8.0,190.0,16.0,64.0,2,5200,6.7,22999.0,59999.0,1900.0,270.0,960.0,False,False,Snapdragon 7 (Upper-Mid),Mid-Range
Realme,P1 Pro 5G 256GB,190g,12GB,16MP,64MP + 2MP,Qualcomm Snapdragon 7s Gen 1,"5,200mAh",6.7 inches,"PKR 64,999","INR 24,999","CNY 2,000",USD 290,"AED 1,020",2024,12.0,190.0,16.0,64.0,2,5200,6.7,24999.0,64999.0,2000.0,290.0,1020.0,False,False,Snapdragon 7 (Upper-Mid),Mid-Range
Realme,Narzo 70 Turbo 5G 128GB,200g,8GB,16MP,50MP + 2MP,MediaTek Dimensity 810,"5,000mAh",6.6 inches,"PKR 54,999","INR 19,999","CNY 1,700",USD 240,AED 860,2024,8.0,200.0,16.0,50.0,2,5000,6.6,19999.0,54999.0,1700.0,240.0,860.0,False,False,Dimensity 8xxx (Upper-Mid),Mid-Range
Realme,Narzo 70 Turbo 5G 256GB,200g,8GB,16MP,50MP + 2MP,MediaTek Dimensity 810,"5,000mAh",6.6 inches,"PKR 59,999","INR 21,999","CNY 1,800",USD 260,AED 920,2024,8.0,200.0,16.0,50.0,2,5000,6.6,21999.0,59999.0,1800.0,260.0,920.0,False,False,Dimensity 8xxx (Upper-Mid),Mid-Range
Realme,Narzo N61 128GB,195g,6GB,16MP,50MP + 2MP,MediaTek Helio G99,"5,000mAh",6.5 inches,"PKR 39,999","INR 14,999","CNY 1,200",USD 180,AED 660,2024,6.0,195.0,16.0,50.0,2,5000,6.5,14999.0,39999.0,1200.0,180.0,660.0,False,False,Helio G9x (Mid-Budget),Budget
Realme,Narzo N63 128GB,193g,6GB,16MP,50MP + 2MP,MediaTek Helio G88,"5,000mAh",6.5 inches,"PKR 37,999","INR 13,999","CNY 1,100",USD 160,AED 600,2024,6.0,193.0,16.0,50.0,2,5000,6.5,13999.0,37999.0,1100.0,160.0,600.0,False,False,Helio G7-G8x (Budget),Budget
Realme,Narzo N65 5G 128GB,198g,8GB,16MP,50MP + 2MP,MediaTek Dimensity 700,"5,000mAh",6.6 inches,"PKR 47,999","INR 17,999","CNY 1,500",USD 210,AED 780,2024,8.0,198.0,16.0,50.0,2,5000,6.6,17999.0,47999.0,1500.0,210.0,780.0,False,False,Dimensity 7xxx (Mid),Mid-Range
Realme,Narzo 70 5G 128GB,198g,8GB,16MP,50MP + 2MP,MediaTek Dimensity 810,"5,200mAh",6.6 inches,"PKR 52,999","INR 19,499","CNY 1,600",USD 230,AED 830,2024,8.0,198.0,16.0,50.0,2,5200,6.6,19499.0,52999.0,1600.0,230.0,830.0,False,False,Dimensity 8xxx (Upper-Mid),Mid-Range
Realme,C75 128GB,190g,6GB,8MP,50MP + 2MP,MediaTek Helio G85,"5,000mAh",6.6 inches,"PKR 37,999","INR 13,999","CNY 1,100",USD 160,AED 600,2024,6.0,190.0,8.0,50.0,2,5000,6.6,13999.0,37999.0,1100.0,160.0,600.0,False,False,Helio G7-G8x (Budget),Budget
Realme,C75 256GB,190g,8GB,8MP,50MP + 2MP,MediaTek Helio G85,"5,000mAh",6.6 inches,"PKR 42,999","INR 15,999","CNY 1,200",USD 180,AED 660,2024,8.0,190.0,8.0,50.0,2,5000,6.6,15999.0,42999.0,1200.0,180.0,660.0,False,False,Helio G7-G8x (Budget),Mid-Range
Realme,C61 128GB,189g,4GB,8MP,50MP + 2MP,Unisoc T612,"5,000mAh",6.5 inches,"PKR 32,999","INR 11,999",CNY 900,USD 130,AED 500,2024,4.0,189.0,8.0,50.0,2,5000,6.5,11999.0,32999.0,900.0,130.0,500.0,False,False,Unisoc (Budget),Budget
Realme,C67 128GB,195g,6GB,8MP,50MP + 2MP,MediaTek Helio G88,"5,000mAh",6.6 inches,"PKR 39,999","INR 14,999","CNY 1,200",USD 170,AED 620,2024,6.0,195.0,8.0,50.0,2,5000,6.6,14999.0,39999.0,1200.0,170.0,620.0,False,False,Helio G7-G8x (Budget),Budget
Realme,C67 256GB,195g,8GB,8MP,50MP + 2MP,MediaTek Helio G88,"5,000mAh",6.6 inches,"PKR 44,999","INR 16,999","CNY 1,300",USD 190,AED 680,2024,8.0,195.0,8.0,50.0,2,5000,6.6,16999.0,44999.0,1300.0,190.0,680.0,False,False,Helio G7-G8x (Budget),Mid-Range
Realme,C65 128GB,192g,6GB,8MP,50MP + 2MP,Qualcomm Snapdragon 680,"5,000mAh",6.6 inches,"PKR 37,999","INR 13,999","CNY 1,100",USD 160,AED 600,2024,6.0,192.0,8.0,50.0,2,5000,6.6,13999.0,37999.0,1100.0,160.0,600.0,False,False,Snapdragon 6 (Mid),Budget
Realme,C65 256GB,192g,8GB,8MP,50MP + 2MP,Qualcomm Snapdragon 680,"5,000mAh",6.6 inches,"PKR 42,999","INR 15,999","CNY 1,200",USD 180,AED 660,2024,8.0,192.0,8.0,50.0,2,5000,6.6,15999.0,42999.0,1200.0,180.0,660.0,False,False,Snapdragon 6 (Mid),Mid-Range
Realme,C63 128GB,191g,6GB,8MP,50MP + 2MP,MediaTek Helio G85,"5,000mAh",6.6 inches,"PKR 36,999","INR 13,499","CNY 1,050",USD 150,AED 580,2024,6.0,191.0,8.0,50.0,2,5000,6.6,13499.0,36999.0,1050.0,150.0,580.0,False,False,Helio G7-G8x (Budget),Budget
Realme,C55 128GB,189g,6GB,8MP,64MP + 2MP,MediaTek Helio G88,"5,000mAh",6.72 inches,"PKR 39,999","INR 14,999","CNY 1,200",USD 170,AED 620,2023,6.0,189.0,8.0,64.0,2,5000,6.72,14999.0,39999.0,1200.0,170.0,620.0,False,False,Helio G7-G8x (Budget),Budget
Realme,C55 256GB,189g,8GB,8MP,64MP + 2MP,MediaTek Helio G88,"5,000mAh",6.72 inches,"PKR 44,999","INR 16,999","CNY 1,300",USD 190,AED 680,2023,8.0,189.0,8.0,64.0,2,5000,6.72,16999.0,44999.0,1300.0,190.0,680.0,False,False,Helio G7-G8x (Budget),Mid-Range
Realme,Note 60x 128GB,198g,6GB,16MP,50MP + 2MP,MediaTek Dimensity 6100+,"5,200mAh",6.6 inches,"PKR 47,999","INR 17,999","CNY 1,500",USD 210,AED 780,2024,6.0,198.0,16.0,50.0,2,5200,6.6,17999.0,47999.0,1500.0,210.0,780.0,False,False,Dimensity 6xx-1xxx (Entry-Mid),Mid-Range
Realme,Note 60 128GB,196g,6GB,16MP,50MP + 2MP,MediaTek Dimensity 810,"5,200mAh",6.6 inches,"PKR 49,999","INR 18,999","CNY 1,600",USD 220,AED 820,2024,6.0,196.0,16.0,50.0,2,5200,6.6,18999.0,49999.0,1600.0,220.0,820.0,False,False,Dimensity 8xxx (Upper-Mid),Mid-Range
Realme,Note 60 256GB,196g,8GB,16MP,50MP + 2MP,MediaTek Dimensity 810,"5,200mAh",6.6 inches,"PKR 54,999","INR 20,999","CNY 1,700",USD 240,AED 880,2024,8.0,196.0,16.0,50.0,2,5200,6.6,20999.0,54999.0,1700.0,240.0,880.0,False,False,Dimensity 8xxx (Upper-Mid),Mid-Range
Realme,Note 50 128GB,195g,6GB,16MP,50MP + 2MP,MediaTek Helio G99,"5,000mAh",6.5 inches,"PKR 42,999","INR 15,999","CNY 1,200",USD 170,AED 620,2024,6.0,195.0,16.0,50.0,2,5000,6.5,15999.0,42999.0,1200.0,170.0,620.0,False,False,Helio G9x (Mid-Budget),Mid-Range
Realme,GT 7 128GB,199g,8GB,16MP,50MP + 8MP + 2MP,Qualcomm Snapdragon 8 Gen 2,"5,200mAh",6.8 inches,"PKR 124,999","INR 47,999","CNY 3,200",USD 440,"AED 1,620",2024,8.0,199.0,16.0,50.0,3,5200,6.8,47999.0,124999.0,3200.0,440.0,1620.0,False,False,Snapdragon 8 (Flagship),Upper Mid-Range
Realme,GT 7 256GB,199g,12GB,16MP,50MP + 8MP + 2MP,Qualcomm Snapdragon 8 Gen 2,"5,200mAh",6.8 inches,"PKR 139,999","INR 53,999","CNY 3,600",USD 500,"AED 1,800",2024,12.0,199.0,16.0,50.0,3,5200,6.8,53999.0,139999.0,3600.0,500.0,1800.0,False,False,Snapdragon 8 (Flagship),Upper Mid-Range
Realme,Neo 7 128GB,193g,8GB,16MP,64MP + 8MP + 2MP,MediaTek Dimensity 8200,"5,000mAh",6.7 inches,"PKR 79,999","INR 30,999","CNY 2,400",USD 330,"AED 1,200",2024,8.0,193.0,16.0,64.0,3,5000,6.7,30999.0,79999.0,2400.0,330.0,1200.0,False,False,Dimensity 8xxx (Upper-Mid),Upper Mid-Range
Realme,Neo 7 256GB,193g,12GB,16MP,64MP + 8MP + 2MP,MediaTek Dimensity 8200,"5,000mAh",6.7 inches,"PKR 94,999","INR 36,999","CNY 2,800",USD 380,"AED 1,400",2024,12.0,193.0,16.0,64.0,3,5000,6.7,36999.0,94999.0,2800.0,380.0,1400.0,False,False,Dimensity 8xxx (Upper-Mid),Upper Mid-Range
Realme,P2 Pro 5G 128GB,195g,8GB,16MP,50MP + 8MP,MediaTek Dimensity 9200,"5,100mAh",6.7 inches,"PKR 84,999","INR 32,999","CNY 2,500",USD 350,"AED 1,250",2024,8.0,195.0,16.0,50.0,2,5100,6.7,32999.0,84999.0,2500.0,350.0,1250.0,False,False,Dimensity 9xxx (Flagship),Upper Mid-Range
Realme,Pad 64GB,440g,4GB,8MP,8MP,MediaTek Helio G80,"7,100mAh",10.4 inches,"PKR 57,999","INR 19,999","CNY 1,400",USD 200,AED 740,2021,4.0,440.0,8.0,8.0,1,7100,10.4,19999.0,57999.0,1400.0,200.0,740.0,True,False,Helio G7-G8x (Budget),Mid-Range
Realme,Pad 128GB,440g,6GB,8MP,8MP,MediaTek Helio G80,"7,100mAh",10.4 inches,"PKR 64,999","INR 22,999","CNY 1,600",USD 230,AED 850,2021,6.0,440.0,8.0,8.0,1,7100,10.4,22999.0,64999.0,1600.0,230.0,850.0,True,False,Helio G7-G8x (Budget),Mid-Range
Realme,Pad 2 128GB,482g,6GB,8MP,8MP,MediaTek Helio G99,"8,360mAh",11.5 inches,"PKR 74,999","INR 27,999","CNY 2,000",USD 280,"AED 1,050",2023,6.0,482.0,8.0,8.0,1,8360,11.5,27999.0,74999.0,2000.0,280.0,1050.0,True,False,Helio G9x (Mid-Budget),Mid-Range
Realme,Pad 2 256GB,482g,8GB,8MP,8MP,MediaTek Helio G99,"8,360mAh",11.5 inches,"PKR 84,999","INR 31,999","CNY 2,300",USD 320,"AED 1,200",2023,8.0,482.0,8.0,8.0,1,8360,11.5,31999.0,84999.0,2300.0,320.0,1200.0,True,False,Helio G9x (Mid-Budget),Upper Mid-Range
Realme,Pad 2 Lite 64GB,466g,4GB,8MP,8MP,MediaTek Helio G85,"7,100mAh",10.4 inches,"PKR 54,999","INR 18,999","CNY 1,300",USD 190,AED 700,2023,4.0,466.0,8.0,8.0,1,7100,10.4,18999.0,54999.0,1300.0,190.0,700.0,True,False,Helio G7-G8x (Budget),Mid-Range
Realme,Pad 2 Lite 128GB,466g,6GB,8MP,8MP,MediaTek Helio G85,"7,100mAh",10.4 inches,"PKR 61,999","INR 20,999","CNY 1,500",USD 210,AED 770,2023,6.0,466.0,8.0,8.0,1,7100,10.4,20999.0,61999.0,1500.0,210.0,770.0,True,False,Helio G7-G8x (Budget),Mid-Range
Realme,Pad X 64GB,499g,4GB,8MP,13MP,Qualcomm Snapdragon 695,"8,340mAh",11 inches,"PKR 79,999","INR 29,999","CNY 2,200",USD 310,"AED 1,150",2022,4.0,499.0,8.0,13.0,1,8340,11.0,29999.0,79999.0,2200.0,310.0,1150.0,True,False,Snapdragon 6 (Mid),Mid-Range
Realme,Pad X 128GB,499g,6GB,8MP,13MP,Qualcomm Snapdragon 695,"8,340mAh",11 inches,"PKR 89,999","INR 33,999","CNY 2,500",USD 350,"AED 1,300",2022,6.0,499.0,8.0,13.0,1,8340,11.0,33999.0,89999.0,2500.0,350.0,1300.0,True,False,Snapdragon 6 (Mid),Upper Mid-Range
Realme,Pad Mini 32GB,372g,3GB,5MP,8MP,Unisoc T616,"6,400mAh",8.7 inches,"PKR 44,999","INR 15,999","CNY 1,100",USD 160,AED 600,2022,3.0,372.0,5.0,8.0,1,6400,8.7,15999.0,44999.0,1100.0,160.0,600.0,True,False,Unisoc (Budget),Mid-Range
Realme,Pad Mini 64GB,372g,4GB,5MP,8MP,Unisoc T616,"6,400mAh",8.7 inches,"PKR 49,999","INR 17,999","CNY 1,300",USD 180,AED 660,2022,4.0,372.0,5.0,8.0,1,6400,8.7,17999.0,49999.0,1300.0,180.0,660.0,True,False,Unisoc (Budget),Mid-Range
Realme,Pad Slim 64GB,440g,4GB,8MP,8MP,MediaTek Helio G80,"7,100mAh",10.4 inches,"PKR 56,999","INR 19,499","CNY 1,350",USD 200,AED 730,2022,4.0,440.0,8.0,8.0,1,7100,10.4,19499.0,56999.0,1350.0,200.0,730.0,True,False,Helio G7-G8x (Budget),Mid-Range
Realme,Pad Slim 128GB,440g,6GB,8MP,8MP,MediaTek Helio G80,"7,100mAh",10.4 inches,"PKR 62,999","INR 21,999","CNY 1,550",USD 220,AED 800,2022,6.0,440.0,8.0,8.0,1,7100,10.4,21999.0,62999.0,1550.0,220.0,800.0,True,False,Helio G7-G8x (Budget),Mid-Range
Realme,TechLife Pad Neo 64GB,465g,4GB,8MP,8MP,MediaTek Helio G85,"7,200mAh",10.5 inches,"PKR 59,999","INR 20,999","CNY 1,400",USD 210,AED 770,2024,4.0,465.0,8.0,8.0,1,7200,10.5,20999.0,59999.0,1400.0,210.0,770.0,True,False,Helio G7-G8x (Budget),Mid-Range
Realme,TechLife Pad Neo 128GB,465g,6GB,8MP,8MP,MediaTek Helio G85,"7,200mAh",10.5 inches,"PKR 64,999","INR 22,999","CNY 1,600",USD 230,AED 850,2024,6.0,465.0,8.0,8.0,1,7200,10.5,22999.0,64999.0,1600.0,230.0,850.0,True,False,Helio G7-G8x (Budget),Mid-Range
Xiaomi,Xiaomi 15 Pro 256GB,210g,12GB,32MP,50MP (Main) + 50MP (Ultra-wide) + 50MP (Telephoto),Snapdragon 8 Elite,"6,100mAh",6.73 inches,"PKR 199,999","INR 89,999","CNY 5,299",USD 799,"AED 3,299",2024,12.0,210.0,32.0,50.0,3,6100,6.73,89999.0,199999.0,5299.0,799.0,3299.0,False,False,Snapdragon 8 (Flagship),Premium
Xiaomi,Xiaomi 15 Pro 512GB,210g,16GB,32MP,50MP (Main) + 50MP (Ultra-wide) + 50MP (Telephoto),Snapdragon 8 Elite,"6,100mAh",6.73 inches,"PKR 219,999","INR 99,999","CNY 5,799",USD 899,"AED 3,699",2024,16.0,210.0,32.0,50.0,3,6100,6.73,99999.0,219999.0,5799.0,899.0,3699.0,False,False,Snapdragon 8 (Flagship),Premium
Xiaomi,Xiaomi 15 Pro 1TB,210g,16GB,32MP,50MP (Main) + 50MP (Ultra-wide) + 50MP (Telephoto),Snapdragon 8 Elite,"6,100mAh",6.73 inches,"PKR 239,999","INR 109,999","CNY 6,499",USD 999,"AED 4,099",2024,16.0,210.0,32.0,50.0,3,6100,6.73,109999.0,239999.0,6499.0,999.0,4099.0,False,False,Snapdragon 8 (Flagship),Ultra Premium
Xiaomi,Xiaomi 15 256GB,190g,12GB,32MP,50MP (Main) + 50MP (Ultra-wide),Snapdragon 8 Elite,"5,400mAh",6.36 inches,"PKR 179,999","INR 79,999","CNY 4,299",USD 699,"AED 2,899",2024,12.0,190.0,32.0,50.0,2,5400,6.36,79999.0,179999.0,4299.0,699.0,2899.0,False,False,Snapdragon 8 (Flagship),Premium
Xiaomi,Xiaomi 15 512GB,190g,16GB,32MP,50MP (Main) + 50MP (Ultra-wide),Snapdragon 8 Elite,"5,400mAh",6.36 inches,"PKR 199,999","INR 89,999","CNY 4,799",USD 799,"AED 3,299",2024,16.0,190.0,32.0,50.0,2,5400,6.36,89999.0,199999.0,4799.0,799.0,3299.0,False,False,Snapdragon 8 (Flagship),Premium
Xiaomi,Xiaomi 14T Pro 256GB,209g,12GB,32MP,50MP (Main) + 50MP (Ultra-wide) + 50MP (Telephoto),Dimensity 9300+,"5,000mAh",6.67 inches,"PKR 169,999","INR 74,999","CNY 3,999",USD 634.99,"AED 2,699",2024,12.0,209.0,32.0,50.0,3,5000,6.67,74999.0,169999.0,3999.0,634.99,2699.0,False,False,Dimensity 9xxx (Flagship),Premium
Xiaomi,Xiaomi 14T Pro 512GB,209g,12GB,32MP,50MP (Main) + 50MP (Ultra-wide) + 50MP (Telephoto),Dimensity 9300+,"5,000mAh",6.67 inches,"PKR 189,999","INR 84,999","CNY 4,299",USD 790.77,"AED 2,999",2024,12.0,209.0,32.0,50.0,3,5000,6.67,84999.0,189999.0,4299.0,790.77,2999.0,False,False,Dimensity 9xxx (Flagship),Premium
Xiaomi,Xiaomi 14T Pro 1TB,209g,12GB,32MP,50MP (Main) + 50MP (Ultra-wide) + 50MP (Telephoto),Dimensity 9300+,"5,000mAh",6.67 inches,"PKR 209,999","INR 94,999","CNY 4,799",USD 899,"AED 3,299",2024,12.0,209.0,32.0,50.0,3,5000,6.67,94999.0,209999.0,4799.0,899.0,3299.0,False,False,Dimensity 9xxx (Flagship),Premium
Xiaomi,Xiaomi 14T 256GB,195g,12GB,32MP,50MP (Main) + 50MP (Ultra-wide),Dimensity 8300-Ultra,"5,000mAh",6.67 inches,"PKR 149,999","INR 69,999","CNY 3,499",USD 599,"AED 2,499",2024,12.0,195.0,32.0,50.0,2,5000,6.67,69999.0,149999.0,3499.0,599.0,2499.0,False,False,Dimensity 8xxx (Upper-Mid),Premium
Xiaomi,Xiaomi 14T 512GB,195g,12GB,32MP,50MP (Main) + 50MP (Ultra-wide),Dimensity 8300-Ultra,"5,000mAh",6.67 inches,"PKR 169,999","INR 79,999","CNY 3,799",USD 699,"AED 2,799",2024,12.0,195.0,32.0,50.0,2,5000,6.67,79999.0,169999.0,3799.0,699.0,2799.0,False,False,Dimensity 8xxx (Upper-Mid),Premium
Xiaomi,Xiaomi 14 Pro 256GB,206g,12GB,32MP,50MP (Main) + 50MP (Ultra-wide) + 50MP (Telephoto),Snapdragon 8 Gen 3,"5,000mAh",6.73 inches,"PKR 189,999","INR 84,999","CNY 4,799",USD 799,"AED 3,299",2023,12.0,206.0,32.0,50.0,3,5000,6.73,84999.0,189999.0,4799.0,799.0,3299.0,False,False,Snapdragon 8 (Flagship),Premium
Xiaomi,Xiaomi 14 Pro 512GB,206g,12GB,32MP,50MP (Main) + 50MP (Ultra-wide) + 50MP (Telephoto),Snapdragon 8 Gen 3,"5,000mAh",6.73 inches,"PKR 209,999","INR 94,999","CNY 5,299",USD 899,"AED 3,699",2023,12.0,206.0,32.0,50.0,3,5000,6.73,94999.0,209999.0,5299.0,899.0,3699.0,False,False,Snapdragon 8 (Flagship),Premium
Xiaomi,Xiaomi 14 256GB,189g,12GB,32MP,50MP (Main) + 50MP (Ultra-wide),Snapdragon 8 Gen 3,"4,610mAh",6.36 inches,"PKR 169,999","INR 74,999","CNY 3,999",USD 699,"AED 2,899",2023,12.0,189.0,32.0,50.0,2,4610,6.36,74999.0,169999.0,3999.0,699.0,2899.0,False,False,Snapdragon 8 (Flagship),Premium
Xiaomi,Xiaomi 14 512GB,189g,12GB,32MP,50MP (Main) + 50MP (Ultra-wide),Snapdragon 8 Gen 3,"4,610mAh",6.36 inches,"PKR 189,999","INR 84,999","CNY 4,499",USD 799,"AED 3,299",2023,12.0,189.0,32.0,50.0,2,4610,6.36,84999.0,189999.0,4499.0,799.0,3299.0,False,False,Snapdragon 8 (Flagship),Premium
Xiaomi,Redmi Note 14 Pro+ 5G 128GB,205g,8GB,16MP,200MP (Main) + 8MP (Ultra-wide) + 2MP (Macro),Snapdragon 7s Gen 3,"5,110mAh",6.67 inches,"PKR 89,999","INR 29,999","CNY 2,499",USD 374.90,"AED 1,499",2024,8.0,205.0,16.0,200.0,3,5110,6.67,29999.0,89999.0,2499.0,374.9,1499.0,False,False,Snapdragon 7 (Upper-Mid),Mid-Range
Xiaomi,Redmi Note 14 Pro+ 5G 256GB,205g,12GB,16MP,200MP (Main) + 8MP (Ultra-wide) + 2MP (Macro),Snapdragon 7s Gen 3,"5,110mAh",6.67 inches,"PKR 99,999","INR 32,999","CNY 2,799",USD 399.00,"AED 1,599",2024,12.0,205.0,16.0,200.0,3,5110,6.67,32999.0,99999.0,2799.0,399.0,1599.0,False,False,Snapdragon 7 (Upper-Mid),Upper Mid-Range
Xiaomi,Redmi Note 14 Pro+ 5G 512GB,205g,16GB,16MP,200MP (Main) + 8MP (Ultra-wide) + 2MP (Macro),Snapdragon 7s Gen 3,"5,110mAh",6.67 inches,"PKR 109,999","INR 35,999","CNY 3,099",USD 429.00,"AED 1,699",2024,16.0,205.0,16.0,200.0,3,5110,6.67,35999.0,109999.0,3099.0,429.0,1699.0,False,False,Snapdragon 7 (Upper-Mid),Upper Mid-Range
Xiaomi,Redmi Note 14 Pro 5G 128GB,195g,8GB,16MP,108MP (Main) + 8MP (Ultra-wide) + 2MP (Macro),MediaTek Dimensity 7300-Ultra,"5,500mAh",6.67 inches,"PKR 79,999","INR 27,999","CNY 2,199",USD 349.00,"AED 1,399",2024,8.0,195.0,16.0,108.0,3,5500,6.67,27999.0,79999.0,2199.0,349.0,1399.0,False,False,Dimensity 7xxx (Mid),Mid-Range
Xiaomi,Redmi Note 14 Pro 5G 256GB,195g,12GB,16MP,108MP (Main) + 8MP (Ultra-wide) + 2MP (Macro),MediaTek Dimensity 7300-Ultra,"5,500mAh",6.67 inches,"PKR 89,999","INR 30,999","CNY 2,499",USD 379.00,"AED 1,499",2024,12.0,195.0,16.0,108.0,3,5500,6.67,30999.0,89999.0,2499.0,379.0,1499.0,False,False,Dimensity 7xxx (Mid),Upper Mid-Range
Xiaomi,Redmi Note 14 Pro 4G 128GB,190g,6GB,16MP,108MP (Main) + 8MP (Ultra-wide) + 2MP (Macro),Qualcomm Snapdragon 732G,"5,000mAh",6.67 inches,"PKR 69,999","INR 24,999","CNY 1,999",USD 299.00,"AED 1,199",2024,6.0,190.0,16.0,108.0,3,5000,6.67,24999.0,69999.0,1999.0,299.0,1199.0,False,False,Snapdragon 7 (Upper-Mid),Mid-Range
Xiaomi,Redmi Note 14 Pro 4G 256GB,190g,8GB,16MP,108MP (Main) + 8MP (Ultra-wide) + 2MP (Macro),Qualcomm Snapdragon 732G,"5,000mAh",6.67 inches,"PKR 79,999","INR 27,999","CNY 2,299",USD 329.00,"AED 1,299",2024,8.0,190.0,16.0,108.0,3,5000,6.67,27999.0,79999.0,2299.0,329.0,1299.0,False,False,Snapdragon 7 (Upper-Mid),Mid-Range
Xiaomi,Redmi Note 14 5G 128GB,185g,6GB,16MP,50MP (Main) + 8MP (Ultra-wide) + 2MP (Macro),MediaTek Dimensity 7025-Ultra,"5,000mAh",6.67 inches,"PKR 59,999","INR 21,999","CNY 1,799",USD 279.00,"AED 1,099",2024,6.0,185.0,16.0,50.0,3,5000,6.67,21999.0,59999.0,1799.0,279.0,1099.0,False,False,Dimensity 7xxx (Mid),Mid-Range
Xiaomi,Redmi Note 14 5G 256GB,185g,8GB,16MP,50MP (Main) + 8MP (Ultra-wide) + 2MP (Macro),MediaTek Dimensity 7025-Ultra,"5,000mAh",6.67 inches,"PKR 69,999","INR 24,999","CNY 2,099",USD 309.00,"AED 1,199",2024,8.0,185.0,16.0,50.0,3,5000,6.67,24999.0,69999.0,2099.0,309.0,1199.0,False,False,Dimensity 7xxx (Mid),Mid-Range
Xiaomi,Redmi Note 14 4G 128GB,180g,4GB,16MP,50MP (Main) + 8MP (Ultra-wide) + 2MP (Macro),Qualcomm Snapdragon 680,"5,000mAh",6.67 inches,"PKR 49,999","INR 18,999","CNY 1,599",USD 249.00,AED 999,2024,4.0,180.0,16.0,50.0,3,5000,6.67,18999.0,49999.0,1599.0,249.0,999.0,False,False,Snapdragon 6 (Mid),Mid-Range
Xiaomi,Redmi Note 14 4G 256GB,180g,6GB,16MP,50MP (Main) + 8MP (Ultra-wide) + 2MP (Macro),Qualcomm Snapdragon 680,"5,000mAh",6.67 inches,"PKR 59,999","INR 21,999","CNY 1,899",USD 279.00,"AED 1,099",2024,6.0,180.0,16.0,50.0,3,5000,6.67,21999.0,59999.0,1899.0,279.0,1099.0,False,False,Snapdragon 6 (Mid),Mid-Range
Xiaomi,Redmi 14C 5G 64GB,195g,4GB,8MP,50MP (Main) + 2MP (Depth),MediaTek Dimensity 700,"5,000mAh",6.5 inches,"PKR 39,999","INR 14,999","CNY 1,299",USD 199.00,AED 799,2024,4.0,195.0,8.0,50.0,2,5000,6.5,14999.0,39999.0,1299.0,199.0,799.0,False,False,Dimensity 7xxx (Mid),Budget
Xiaomi,Redmi 14C 5G 128GB,195g,6GB,8MP,50MP (Main) + 2MP (Depth),MediaTek Dimensity 700,"5,000mAh",6.5 inches,"PKR 44,999","INR 16,999","CNY 1,499",USD 229.00,AED 899,2024,6.0,195.0,8.0,50.0,2,5000,6.5,16999.0,44999.0,1499.0,229.0,899.0,False,False,Dimensity 7xxx (Mid),Mid-Range
Lenovo,Legion Y70 128GB,209g,8GB,16MP,50MP,Snapdragon 8+ Gen 1,"5,100mAh",6.67 inches,"PKR 139,999","INR 49,999","CNY 3,299",USD 499,"AED 1,899",2022,8.0,209.0,16.0,50.0,1,5100,6.67,49999.0,139999.0,3299.0,499.0,1899.0,False,False,Snapdragon 8 (Flagship),Upper Mid-Range
Lenovo,Legion Y70 256GB,209g,12GB,16MP,50MP,Snapdragon 8+ Gen 1,"5,100mAh",6.67 inches,"PKR 159,999","INR 54,999","CNY 3,699",USD 549,"AED 2,099",2022,12.0,209.0,16.0,50.0,1,5100,6.67,54999.0,159999.0,3699.0,549.0,2099.0,False,False,Snapdragon 8 (Flagship),Upper Mid-Range
Lenovo,Legion Y70 512GB,209g,16GB,16MP,50MP,Snapdragon 8+ Gen 1,"5,100mAh",6.67 inches,"PKR 179,999","INR 59,999","CNY 4,199",USD 599,"AED 2,299",2022,16.0,209.0,16.0,50.0,1,5100,6.67,59999.0,179999.0,4199.0,599.0,2299.0,False,False,Snapdragon 8 (Flagship),Upper Mid-Range
Lenovo,K14 Plus 64GB,198g,4GB,8MP,48MP,Unisoc T700,"5,000mAh",6.5 inches,"PKR 29,999","INR 10,999","CNY 1,299",USD 199,AED 749,2022,4.0,198.0,8.0,48.0,1,5000,6.5,10999.0,29999.0,1299.0,199.0,749.0,False,False,Unisoc (Budget),Budget
Lenovo,K14 Plus 128GB,198g,6GB,8MP,48MP,Unisoc T700,"5,000mAh",6.5 inches,"PKR 34,999","INR 12,999","CNY 1,499",USD 229,AED 849,2022,6.0,198.0,8.0,48.0,1,5000,6.5,12999.0,34999.0,1499.0,229.0,849.0,False,False,Unisoc (Budget),Budget
Lenovo,K13 Pro 128GB,200g,6GB,16MP,64MP,Snapdragon 662,"5,000mAh",6.8 inches,"PKR 39,999","INR 14,999","CNY 1,699",USD 249,AED 949,2021,6.0,200.0,16.0,64.0,1,5000,6.8,14999.0,39999.0,1699.0,249.0,949.0,False,False,Snapdragon 6 (Mid),Budget
Lenovo,K13 32GB,190g,2GB,5MP,13MP,Unisoc SC9863A,"5,000mAh",6.52 inches,"PKR 19,999","INR 7,499",CNY 999,USD 149,AED 549,2021,2.0,190.0,5.0,13.0,1,5000,6.52,7499.0,19999.0,999.0,149.0,549.0,False,False,Unisoc (Budget),Budget
Lenovo,K13 Note 64GB,200g,4GB,8MP,48MP,Snapdragon 460,"5,000mAh",6.5 inches,"PKR 29,999","INR 11,999","CNY 1,299",USD 199,AED 749,2021,4.0,200.0,8.0,48.0,1,5000,6.5,11999.0,29999.0,1299.0,199.0,749.0,False,False,Snapdragon 4/5 (Entry-Mid),Budget
Lenovo,K10 Plus 64GB,172g,4GB,16MP,13MP,Snapdragon 632,"4,050mAh",6.22 inches,"PKR 24,999","INR 10,999","CNY 1,199",USD 179,AED 699,2019,4.0,172.0,16.0,13.0,1,4050,6.22,10999.0,24999.0,1199.0,179.0,699.0,False,False,Snapdragon 6 (Mid),Budget
Lenovo,A6 Note 32GB,172g,3GB,5MP,13MP,Helio P22,"4,000mAh",6.09 inches,"PKR 19,999","INR 9,999",CNY 999,USD 149,AED 549,2019,3.0,172.0,5.0,13.0,1,4000,6.09,9999.0,19999.0,999.0,149.0,549.0,False,False,Helio P/A (Budget),Budget
Lenovo,K10 Note 64GB,164g,4GB,16MP,16MP,Snapdragon 710,"4,050mAh",6.3 inches,"PKR 29,999","INR 13,999","CNY 1,499",USD 219,AED 799,2019,4.0,164.0,16.0,16.0,1,4050,6.3,13999.0,29999.0,1499.0,219.0,799.0,False,False,Snapdragon 7 (Upper-Mid),Budget
Lenovo,K10 Note 128GB,164g,6GB,16MP,16MP,Snapdragon 710,"4,050mAh",6.3 inches,"PKR 34,999","INR 15,999","CNY 1,699",USD 249,AED 899,2019,6.0,164.0,16.0,16.0,1,4050,6.3,15999.0,34999.0,1699.0,249.0,899.0,False,False,Snapdragon 7 (Upper-Mid),Mid-Range
Lenovo,Z6 Pro 128GB,185g,6GB,32MP,48MP,Snapdragon 855,"4,000mAh",6.39 inches,"PKR 69,999","INR 39,999","CNY 2,899",USD 429,"AED 1,599",2019,6.0,185.0,32.0,48.0,1,4000,6.39,39999.0,69999.0,2899.0,429.0,1599.0,False,False,Snapdragon 8 (Flagship),Upper Mid-Range
Lenovo,Z6 Pro 256GB,185g,8GB,32MP,48MP,Snapdragon 855,"4,000mAh",6.39 inches,"PKR 79,999","INR 44,999","CNY 3,299",USD 479,"AED 1,799",2019,8.0,185.0,32.0,48.0,1,4000,6.39,44999.0,79999.0,3299.0,479.0,1799.0,False,False,Snapdragon 8 (Flagship),Upper Mid-Range
Lenovo,Z5 Pro 64GB,210g,6GB,16MP,16MP,Snapdragon 710,"3,350mAh",6.39 inches,"PKR 49,999","INR 21,400","CNY 1,998",USD 299,"AED 1,099",2018,6.0,210.0,16.0,16.0,1,3350,6.39,21400.0,49999.0,1998.0,299.0,1099.0,False,False,Snapdragon 7 (Upper-Mid),Mid-Range
Motorola,Edge 50 Fusion 128GB,168g,8GB,32MP,50MP,Snapdragon 7 Gen 1,"5,000mAh",6.7 inches,"PKR 139,999","INR 29,999","CNY 2,499",USD 499,"AED 1,899",2024,8.0,168.0,32.0,50.0,1,5000,6.7,29999.0,139999.0,2499.0,499.0,1899.0,False,False,Snapdragon 7 (Upper-Mid),Mid-Range
Motorola,Edge 50 Fusion 256GB,168g,12GB,32MP,50MP,Snapdragon 7 Gen 1,"5,000mAh",6.7 inches,"PKR 159,999","INR 34,999","CNY 2,799",USD 549,"AED 2,099",2024,12.0,168.0,32.0,50.0,1,5000,6.7,34999.0,159999.0,2799.0,549.0,2099.0,False,False,Snapdragon 7 (Upper-Mid),Upper Mid-Range
Motorola,Edge 50 Pro 128GB,186g,8GB,50MP,50MP,Snapdragon 7 Gen 3,"4,500mAh",6.7 inches,"PKR 169,999","INR 34,999","CNY 2,999",USD 549,"AED 2,099",2024,8.0,186.0,50.0,50.0,1,4500,6.7,34999.0,169999.0,2999.0,549.0,2099.0,False,False,Snapdragon 7 (Upper-Mid),Upper Mid-Range
Motorola,Edge 50 Pro 256GB,186g,12GB,50MP,50MP,Snapdragon 7 Gen 3,"4,500mAh",6.7 inches,"PKR 189,999","INR 39,999","CNY 3,299",USD 599,"AED 2,299",2024,12.0,186.0,50.0,50.0,1,4500,6.7,39999.0,189999.0,3299.0,599.0,2299.0,False,False,Snapdragon 7 (Upper-Mid),Upper Mid-Range
Motorola,Razr 128GB,192g,8GB,32MP,50MP,Snapdragon 8+ Gen 1,"3,500mAh","6.7 inches (main), 2.7 inches (external)","PKR 199,999","INR 59,999","CNY 5,999",USD 999,"AED 3,699",2023,8.0,192.0,32.0,50.0,1,3500,6.7,59999.0,199999.0,5999.0,999.0,3699.0,False,True,Snapdragon 8 (Flagship),Upper Mid-Range
Motorola,Razr 256GB,192g,12GB,32MP,50MP,Snapdragon 8+ Gen 1,"3,500mAh","6.7 inches (main), 2.7 inches (external)","PKR 219,999","INR 64,999","CNY 6,499","USD 1,099","AED 3,999",2023,12.0,192.0,32.0,50.0,1,3500,6.7,64999.0,219999.0,6499.0,1099.0,3999.0,False,True,Snapdragon 8 (Flagship),Premium
Motorola,G84 5G 128GB,166g,8GB,16MP,50MP,Snapdragon 695,"5,000mAh",6.5 inches,"PKR 79,999","INR 19,999","CNY 1,799",USD 299,"AED 1,099",2023,8.0,166.0,16.0,50.0,1,5000,6.5,19999.0,79999.0,1799.0,299.0,1099.0,False,False,Snapdragon 6 (Mid),Mid-Range
Motorola,G84 5G 256GB,166g,12GB,16MP,50MP,Snapdragon 695,"5,000mAh",6.5 inches,"PKR 89,999","INR 22,999","CNY 1,999",USD 349,"AED 1,299",2023,12.0,166.0,16.0,50.0,1,5000,6.5,22999.0,89999.0,1999.0,349.0,1299.0,False,False,Snapdragon 6 (Mid),Mid-Range
Motorola,Moto G Stylus 64GB,195g,4GB,16MP,50MP,MediaTek Helio G88,"5,000mAh",6.8 inches,"PKR 49,999","INR 21,999","CNY 1,499",USD 199,AED 799,2023,4.0,195.0,16.0,50.0,1,5000,6.8,21999.0,49999.0,1499.0,199.0,799.0,False,False,Helio G7-G8x (Budget),Mid-Range
Motorola,Moto G Stylus 128GB,195g,6GB,16MP,50MP,MediaTek Helio G88,"5,000mAh",6.8 inches,"PKR 54,999","INR 24,999","CNY 1,699",USD 249,AED 899,2023,6.0,195.0,16.0,50.0,1,5000,6.8,24999.0,54999.0,1699.0,249.0,899.0,False,False,Helio G7-G8x (Budget),Mid-Range
Motorola,One Vision 3 128GB,180g,6GB,25MP,48MP,Exynos 9609,"3,500mAh",6.3 inches,"PKR 39,999","INR 19,999","CNY 1,399",USD 299,"AED 1,099",2024,6.0,180.0,25.0,48.0,1,3500,6.3,19999.0,39999.0,1399.0,299.0,1099.0,False,False,Exynos 7xx-9xx (Budget-Mid),Mid-Range
Motorola,One Vision 3 256GB,180g,8GB,25MP,48MP,Exynos 9609,"3,500mAh",6.3 inches,"PKR 44,999","INR 22,999","CNY 1,599",USD 349,"AED 1,299",2024,8.0,180.0,25.0,48.0,1,3500,6.3,22999.0,44999.0,1599.0,349.0,1299.0,False,False,Exynos 7xx-9xx (Budget-Mid),Mid-Range
Motorola,Edge 50 Lite 128GB,170g,6GB,32MP,64MP,Snapdragon 695,"5,000mAh",6.7 inches,"PKR 59,999","INR 27,999","CNY 2,199",USD 399,"AED 1,499",2024,6.0,170.0,32.0,64.0,1,5000,6.7,27999.0,59999.0,2199.0,399.0,1499.0,False,False,Snapdragon 6 (Mid),Mid-Range
Motorola,Edge 50 Lite 256GB,170g,8GB,32MP,64MP,Snapdragon 695,"5,000mAh",6.7 inches,"PKR 64,999","INR 29,999","CNY 2,399",USD 449,"AED 1,699",2024,8.0,170.0,32.0,64.0,1,5000,6.7,29999.0,64999.0,2399.0,449.0,1699.0,False,False,Snapdragon 6 (Mid),Mid-Range
Motorola,Moto E40 Plus 64GB,198g,4GB,8MP,48MP,Unisoc T700,"5,000mAh",6.5 inches,"PKR 29,999","INR 11,999","CNY 1,299",USD 199,AED 749,2023,4.0,198.0,8.0,48.0,1,5000,6.5,11999.0,29999.0,1299.0,199.0,749.0,False,False,Unisoc (Budget),Budget
Motorola,Moto E40 Plus 128GB,198g,6GB,8MP,48MP,Unisoc T700,"5,000mAh",6.5 inches,"PKR 34,999","INR 13,999","CNY 1,499",USD 229,AED 849,2023,6.0,198.0,8.0,48.0,1,5000,6.5,13999.0,34999.0,1499.0,229.0,849.0,False,False,Unisoc (Budget),Budget
Motorola,Moto G Power 64GB,206g,4GB,16MP,50MP,Snapdragon 662,"5,000mAh",6.6 inches,"PKR 39,999","INR 17,999","CNY 1,599",USD 249,AED 949,2022,4.0,206.0,16.0,50.0,1,5000,6.6,17999.0,39999.0,1599.0,249.0,949.0,False,False,Snapdragon 6 (Mid),Mid-Range
Motorola,Moto G Power 128GB,206g,6GB,16MP,50MP,Snapdragon 662,"5,000mAh",6.6 inches,"PKR 44,999","INR 19,999","CNY 1,799",USD 279,"AED 1,049",2022,6.0,206.0,16.0,50.0,1,5000,6.6,19999.0,44999.0,1799.0,279.0,1049.0,False,False,Snapdragon 6 (Mid),Mid-Range
Motorola,Moto G Play 32GB,203g,3GB,5MP,13MP,MediaTek Helio G25,"5,000mAh",6.5 inches,"PKR 24,999","INR 9,999",CNY 999,USD 149,AED 549,2022,3.0,203.0,5.0,13.0,1,5000,6.5,9999.0,24999.0,999.0,149.0,549.0,False,False,Helio G (Budget),Budget
Motorola,Moto G Play 64GB,203g,4GB,5MP,13MP,MediaTek Helio G25,"5,000mAh",6.5 inches,"PKR 29,999","INR 11,999","CNY 1,199",USD 179,AED 649,2022,4.0,203.0,5.0,13.0,1,5000,6.5,11999.0,29999.0,1199.0,179.0,649.0,False,False,Helio G (Budget),Budget
Motorola,Moto G75 5G 128GB,205g,8GB,16MP,50MP,Snapdragon 6 Gen 3,"5,000mAh",6.78 inches,"PKR 89,999","INR 34,999","CNY 2,699",USD 320,"AED 1,175",2024,8.0,205.0,16.0,50.0,1,5000,6.78,34999.0,89999.0,2699.0,320.0,1175.0,False,False,Snapdragon 6 (Mid),Upper Mid-Range
Motorola,Moto G75 5G 256GB,205g,8GB,16MP,50MP,Snapdragon 6 Gen 3,"5,000mAh",6.78 inches,"PKR 99,999","INR 39,999","CNY 2,999",USD 370,"AED 1,350",2024,8.0,205.0,16.0,50.0,1,5000,6.78,39999.0,99999.0,2999.0,370.0,1350.0,False,False,Snapdragon 6 (Mid),Upper Mid-Range
Motorola,Moto S50 128GB,190g,8GB,32MP,64MP,MediaTek Dimensity 8100,"4,500mAh",6.7 inches,"PKR 79,999","INR 29,999","CNY 2,499",USD 300,"AED 1,100",2024,8.0,190.0,32.0,64.0,1,4500,6.7,29999.0,79999.0,2499.0,300.0,1100.0,False,False,Dimensity 8xxx (Upper-Mid),Mid-Range
Motorola,Moto S50 256GB,190g,12GB,32MP,64MP,MediaTek Dimensity 8100,"4,500mAh",6.7 inches,"PKR 89,999","INR 34,999","CNY 2,799",USD 350,"AED 1,275",2024,12.0,190.0,32.0,64.0,1,4500,6.7,34999.0,89999.0,2799.0,350.0,1275.0,False,False,Dimensity 8xxx (Upper-Mid),Upper Mid-Range
Motorola,Edge 50 Neo 256GB,171g,8GB,32MP,50MP,MediaTek Dimensity 7300,"4,310mAh",6.4 inches,"PKR 99,999","INR 39,999","CNY 2,999",USD 400,"AED 1,500",2024,8.0,171.0,32.0,50.0,1,4310,6.4,39999.0,99999.0,2999.0,400.0,1500.0,False,False,Dimensity 7xxx (Mid),Upper Mid-Range
Motorola,Edge 50 Neo 512GB,171g,12GB,32MP,50MP,MediaTek Dimensity 7300,"4,310mAh",6.4 inches,"PKR 109,999","INR 44,999","CNY 3,299",USD 450,"AED 1,675",2024,12.0,171.0,32.0,50.0,1,4310,6.4,44999.0,109999.0,3299.0,450.0,1675.0,False,False,Dimensity 7xxx (Mid),Upper Mid-Range
Motorola,Moto G55 128GB,182g,8GB,16MP,50MP,MediaTek Dimensity 7025,"5,000mAh",6.49 inches,"PKR 69,999","INR 26,999","CNY 2,199",USD 270,"AED 1,000",2024,8.0,182.0,16.0,50.0,1,5000,6.49,26999.0,69999.0,2199.0,270.0,1000.0,False,False,Dimensity 7xxx (Mid),Mid-Range
Motorola,Moto G55 256GB,182g,8GB,16MP,50MP,MediaTek Dimensity 7025,"5,000mAh",6.49 inches,"PKR 79,999","INR 29,999","CNY 2,499",USD 320,"AED 1,175",2024,8.0,182.0,16.0,50.0,1,5000,6.49,29999.0,79999.0,2499.0,320.0,1175.0,False,False,Dimensity 7xxx (Mid),Mid-Range
Motorola,Moto G35 128GB,188g,4GB,16MP,50MP,Unisoc T760,"5,000mAh",6.72 inches,"PKR 49,999","INR 18,999","CNY 1,599",USD 200,AED 750,2024,4.0,188.0,16.0,50.0,1,5000,6.72,18999.0,49999.0,1599.0,200.0,750.0,False,False,Unisoc (Budget),Mid-Range
Motorola,Moto G35 256GB,188g,8GB,16MP,50MP,Unisoc T760,"5,000mAh",6.72 inches,"PKR 59,999","INR 22,999","CNY 1,899",USD 250,AED 925,2024,8.0,188.0,16.0,50.0,1,5000,6.72,22999.0,59999.0,1899.0,250.0,925.0,False,False,Unisoc (Budget),Mid-Range
Motorola,Moto G45 128GB,183g,6GB,16MP,50MP,Snapdragon 6s Gen 3,"5,000mAh",6.5 inches,"PKR 59,999","INR 22,999","CNY 1,899",USD 250,AED 925,2024,6.0,183.0,16.0,50.0,1,5000,6.5,22999.0,59999.0,1899.0,250.0,925.0,False,False,Snapdragon 6 (Mid),Mid-Range
Motorola,Moto G45 256GB,183g,8GB,16MP,50MP,Snapdragon 6s Gen 3,"5,000mAh",6.5 inches,"PKR 69,999","INR 26,999","CNY 2,199",USD 300,"AED 1,100",2024,8.0,183.0,16.0,50.0,1,5000,6.5,26999.0,69999.0,2199.0,300.0,1100.0,False,False,Snapdragon 6 (Mid),Mid-Range
Motorola,Edge 50 256GB,180g,8GB,32MP,50MP,Snapdragon 7s Gen 2,"4,700mAh",6.7 inches,"PKR 109,999","INR 44,999","CNY 3,299",USD 450,"AED 1,675",2024,8.0,180.0,32.0,50.0,1,4700,6.7,44999.0,109999.0,3299.0,450.0,1675.0,False,False,Snapdragon 7 (Upper-Mid),Upper Mid-Range
Motorola,Edge 50 512GB,180g,12GB,32MP,50MP,Snapdragon 7s Gen 2,"4,700mAh",6.7 inches,"PKR 119,999","INR 49,999","CNY 3,599",USD 500,"AED 1,850",2024,12.0,180.0,32.0,50.0,1,4700,6.7,49999.0,119999.0,3599.0,500.0,1850.0,False,False,Snapdragon 7 (Upper-Mid),Upper Mid-Range
Motorola,Razr 50 Ultra 512GB,189g,12GB,32MP,50MP,Snapdragon 8+ Gen 1,"4,000mAh","6.9 inches (internal), 4.0 inches (external)","PKR 249,999","INR 99,999","CNY 7,999","USD 1,199","AED 4,399",2024,12.0,189.0,32.0,50.0,1,4000,6.9,99999.0,249999.0,7999.0,1199.0,4399.0,False,True,Snapdragon 8 (Flagship),Premium
Motorola,Razr 50 256GB,188g,8GB,32MP,50MP,Snapdragon 7 Gen 1,"3,800mAh","6.7 inches (internal), 3.6 inches (external)","PKR 199,999","INR 79,999","CNY 5,999",USD 999,"AED 3,699",2024,8.0,188.0,32.0,50.0,1,3800,6.7,79999.0,199999.0,5999.0,999.0,3699.0,False,True,Snapdragon 7 (Upper-Mid),Premium
Motorola,Moto G85 128GB,173g,8GB,32MP,50MP,Snapdragon 6s Gen 3,"5,000mAh",6.67 inches,"PKR 79,999","INR 29,999","CNY 2,499",USD 320,"AED 1,175",2024,8.0,173.0,32.0,50.0,1,5000,6.67,29999.0,79999.0,2499.0,320.0,1175.0,False,False,Snapdragon 6 (Mid),Mid-Range
Motorola,Moto G85 256GB,173g,12GB,32MP,50MP,Snapdragon 6s Gen 3,"5,000mAh",6.67 inches,"PKR 89,999","INR 34,999","CNY 2,799",USD 370,"AED 1,350",2024,12.0,173.0,32.0,50.0,1,5000,6.67,34999.0,89999.0,2799.0,370.0,1350.0,False,False,Snapdragon 6 (Mid),Upper Mid-Range
Motorola,S50 Neo 256GB,170g,8GB,32MP,50MP,MediaTek Dimensity 7200,"4,300mAh",6.5 inches,"PKR 69,999","INR 26,999","CNY 2,199",USD 300,"AED 1,100",2024,8.0,170.0,32.0,50.0,1,4300,6.5,26999.0,69999.0,2199.0,300.0,1100.0,False,False,Dimensity 7xxx (Mid),Mid-Range
Motorola,S50 Neo 512GB,170g,12GB,32MP,50MP,MediaTek Dimensity 7200,"4,300mAh",6.5 inches,"PKR 79,999","INR 29,999","CNY 2,499",USD 350,"AED 1,275",2024,12.0,170.0,32.0,50.0,1,4300,6.5,29999.0,79999.0,2499.0,350.0,1275.0,False,False,Dimensity 7xxx (Mid),Mid-Range
Motorola,Moto E14 64GB,180g,4GB,8MP,13MP,Unisoc T606,"5,000mAh",6.5 inches,"PKR 29,999","INR 11,999",CNY 999,USD 150,AED 550,2024,4.0,180.0,8.0,13.0,1,5000,6.5,11999.0,29999.0,999.0,150.0,550.0,False,False,Unisoc (Budget),Budget
Motorola,Moto E14 128GB,180g,4GB,8MP,13MP,Unisoc T606,"5,000mAh",6.5 inches,"PKR 34,999","INR 13,999","CNY 1,199",USD 180,AED 650,2024,4.0,180.0,8.0,13.0,1,5000,6.5,13999.0,34999.0,1199.0,180.0,650.0,False,False,Unisoc (Budget),Budget
Motorola,Edge 256GB,174g,8GB,32MP,50MP,Snapdragon 7s Gen 2,"4,700mAh",6.7 inches,"PKR 109,999","INR 44,999","CNY 3,299",USD 450,"AED 1,675",2024,8.0,174.0,32.0,50.0,1,4700,6.7,44999.0,109999.0,3299.0,450.0,1675.0,False,False,Snapdragon 7 (Upper-Mid),Upper Mid-Range
Motorola,Edge 512GB,174g,12GB,32MP,50MP,Snapdragon 7s Gen 2,"4,700mAh",6.7 inches,"PKR 119,999","INR 49,999","CNY 3,599",USD 500,"AED 1,850",2024,12.0,174.0,32.0,50.0,1,4700,6.7,49999.0,119999.0,3599.0,500.0,1850.0,False,False,Snapdragon 7 (Upper-Mid),Upper Mid-Range
Motorola,Moto X50 Ultra 512GB,198g,12GB,60MP,200MP,Snapdragon 8 Gen 3,"5,000mAh",6.9 inches,"PKR 299,999","INR 119,999","CNY 8,999","USD 1,499","AED 5,499",2024,12.0,198.0,60.0,200.0,1,5000,6.9,119999.0,299999.0,8999.0,1499.0,5499.0,False,False,Snapdragon 8 (Flagship),Ultra Premium
Motorola,Moto G Stylus 5G 256GB,195g,6GB,16MP,50MP,Snapdragon 6 Gen 1,"5,000mAh",6.8 inches,"PKR 69,999","INR 26,999","CNY 2,199",USD 300,"AED 1,100",2024,6.0,195.0,16.0,50.0,1,5000,6.8,26999.0,69999.0,2199.0,300.0,1100.0,False,False,Snapdragon 6 (Mid),Mid-Range
Motorola,Moto G Stylus 5G 512GB,195g,8GB,16MP,50MP,Snapdragon 6 Gen 1,"5,000mAh",6.8 inches,"PKR 79,999","INR 29,999","CNY 2,499",USD 350,"AED 1,275",2024,8.0,195.0,16.0,50.0,1,5000,6.8,29999.0,79999.0,2499.0,350.0,1275.0,False,False,Snapdragon 6 (Mid),Mid-Range
Motorola,Edge 50 Ultra 512GB,198g,12GB,60MP,200MP,Snapdragon 8 Gen 3,"5,000mAh",6.9 inches,"PKR 299,999","INR 119,999","CNY 8,999","USD 1,499","AED 5,499",2024,12.0,198.0,60.0,200.0,1,5000,6.9,119999.0,299999.0,8999.0,1499.0,5499.0,False,False,Snapdragon 8 (Flagship),Ultra Premium
Motorola,Edge 30 Fusion 128GB,168g,8GB,32MP,50MP,Snapdragon 888+ 5G,"4,400mAh",6.55 inches,"PKR 119,999","INR 49,999","CNY 3,999",USD 699,"AED 2,599",2022,8.0,168.0,32.0,50.0,1,4400,6.55,49999.0,119999.0,3999.0,699.0,2599.0,False,False,Snapdragon 8 (Flagship),Upper Mid-Range
Motorola,Edge 30 Fusion 256GB,168g,12GB,32MP,50MP,Snapdragon 888+ 5G,"4,400mAh",6.55 inches,"PKR 129,999","INR 54,999","CNY 4,299",USD 749,"AED 2,799",2022,12.0,168.0,32.0,50.0,1,4400,6.55,54999.0,129999.0,4299.0,749.0,2799.0,False,False,Snapdragon 8 (Flagship),Upper Mid-Range
Motorola,Edge 30 Neo 128GB,155g,6GB,32MP,64MP,Snapdragon 695 5G,"4,020mAh",6.28 inches,"PKR 89,999","INR 34,999","CNY 2,499",USD 499,"AED 1,799",2022,6.0,155.0,32.0,64.0,1,4020,6.28,34999.0,89999.0,2499.0,499.0,1799.0,False,False,Snapdragon 6 (Mid),Upper Mid-Range
Motorola,Edge 30 Neo 256GB,155g,8GB,32MP,64MP,Snapdragon 695 5G,"4,020mAh",6.28 inches,"PKR 99,999","INR 39,999","CNY 2,799",USD 549,"AED 1,999",2022,8.0,155.0,32.0,64.0,1,4020,6.28,39999.0,99999.0,2799.0,549.0,1999.0,False,False,Snapdragon 6 (Mid),Upper Mid-Range
Motorola,Moto G82 5G 128GB,173g,6GB,16MP,50MP,Snapdragon 695 5G,"5,000mAh",6.6 inches,"PKR 64,999","INR 24,999","CNY 1,999",USD 399,"AED 1,499",2022,6.0,173.0,16.0,50.0,1,5000,6.6,24999.0,64999.0,1999.0,399.0,1499.0,False,False,Snapdragon 6 (Mid),Mid-Range
Motorola,Moto G82 5G 256GB,173g,8GB,16MP,50MP,Snapdragon 695 5G,"5,000mAh",6.6 inches,"PKR 74,999","INR 29,999","CNY 2,299",USD 449,"AED 1,699",2022,8.0,173.0,16.0,50.0,1,5000,6.6,29999.0,74999.0,2299.0,449.0,1699.0,False,False,Snapdragon 6 (Mid),Mid-Range
Motorola,Moto G62 5G 128GB,184g,4GB,16MP,50MP,Snapdragon 480+ 5G,"5,000mAh",6.5 inches,"PKR 54,999","INR 19,999","CNY 1,599",USD 349,"AED 1,299",2022,4.0,184.0,16.0,50.0,1,5000,6.5,19999.0,54999.0,1599.0,349.0,1299.0,False,False,Snapdragon 4/5 (Entry-Mid),Mid-Range
Motorola,Moto G62 5G 256GB,184g,6GB,16MP,50MP,Snapdragon 480+ 5G,"5,000mAh",6.5 inches,"PKR 64,999","INR 24,999","CNY 1,899",USD 399,"AED 1,499",2022,6.0,184.0,16.0,50.0,1,5000,6.5,24999.0,64999.0,1899.0,399.0,1499.0,False,False,Snapdragon 4/5 (Entry-Mid),Mid-Range
Motorola,Moto G42 128GB,175g,4GB,16MP,50MP,Snapdragon 680 4G,"5,000mAh",6.4 inches,"PKR 44,999","INR 16,999","CNY 1,399",USD 299,"AED 1,099",2022,4.0,175.0,16.0,50.0,1,5000,6.4,16999.0,44999.0,1399.0,299.0,1099.0,False,False,Snapdragon 6 (Mid),Mid-Range
Motorola,Moto G32 128GB,184g,4GB,16MP,50MP,Snapdragon 680 4G,"5,000mAh",6.5 inches,"PKR 39,999","INR 14,999","CNY 1,299",USD 279,AED 999,2022,4.0,184.0,16.0,50.0,1,5000,6.5,14999.0,39999.0,1299.0,279.0,999.0,False,False,Snapdragon 6 (Mid),Budget
Motorola,Moto E32s 64GB,185g,3GB,8MP,16MP,MediaTek Helio G37,"5,000mAh",6.5 inches,"PKR 29,999","INR 11,999",CNY 999,USD 199,AED 749,2022,3.0,185.0,8.0,16.0,1,5000,6.5,11999.0,29999.0,999.0,199.0,749.0,False,False,Helio G (Budget),Budget
Motorola,Moto E22i 32GB,169g,2GB,5MP,16MP,MediaTek Helio G37,"4,020mAh",6.5 inches,"PKR 24,999","INR 9,999",CNY 899,USD 179,AED 699,2022,2.0,169.0,5.0,16.0,1,4020,6.5,9999.0,24999.0,899.0,179.0,699.0,False,False,Helio G (Budget),Budget
Motorola,Moto E22 64GB,169g,4GB,5MP,16MP,MediaTek Helio G37,"4,020mAh",6.5 inches,"PKR 27,999","INR 10,999",CNY 999,USD 199,AED 749,2022,4.0,169.0,5.0,16.0,1,4020,6.5,10999.0,27999.0,999.0,199.0,749.0,False,False,Helio G (Budget),Budget
Motorola,Moto G22 64GB,185g,4GB,16MP,50MP,MediaTek Helio G37,"5,000mAh",6.5 inches,"PKR 34,999","INR 12,999","CNY 1,199",USD 249,AED 899,2022,4.0,185.0,16.0,50.0,1,5000,6.5,12999.0,34999.0,1199.0,249.0,899.0,False,False,Helio G (Budget),Budget
Huawei,P50,181g,8GB,13MP,50MP,Snapdragon 888 4G,"4,100mAh",6.5 inches,"PKR 129,999","INR 59,999","CNY 4,488",USD 699,"AED 2,599",2021,8.0,181.0,13.0,50.0,1,4100,6.5,59999.0,129999.0,4488.0,699.0,2599.0,False,False,Snapdragon 8 (Flagship),Upper Mid-Range
Huawei,P50 Pro,195g,8GB,13MP,50MP,Snapdragon 888 4G,"4,360mAh",6.6 inches,"PKR 149,999","INR 79,999","CNY 5,988",USD 899,"AED 3,299",2021,8.0,195.0,13.0,50.0,1,4360,6.6,79999.0,149999.0,5988.0,899.0,3299.0,False,False,Snapdragon 8 (Flagship),Premium
Huawei,P50 Pocket,190g,8GB,10.7MP,40MP,Snapdragon 888 4G,"4,000mAh",6.9 inches (unfolded),"PKR 199,999","INR 129,999","CNY 8,988","USD 1,299","AED 4,799",2021,8.0,190.0,10.7,40.0,1,4000,6.9,129999.0,199999.0,8988.0,1299.0,4799.0,False,True,Snapdragon 8 (Flagship),Ultra Premium
Huawei,Mate 40E,188g,8GB,13MP,64MP,Kirin 990E 5G,"4,200mAh",6.5 inches,"PKR 139,999","INR 69,999","CNY 4,599",USD 799,"AED 2,999",2021,8.0,188.0,13.0,64.0,1,4200,6.5,69999.0,139999.0,4599.0,799.0,2999.0,False,False,Kirin 9xx (Flagship),Premium
Huawei,Mate X2,295g,8GB,16MP,50MP,Kirin 9000 5G,"4,500mAh",8.0 inches (unfolded),"PKR 349,999","INR 249,999","CNY 17,999","USD 2,699","AED 9,999",2021,8.0,295.0,16.0,50.0,1,4500,8.0,249999.0,349999.0,17999.0,2699.0,9999.0,False,True,Kirin 9000 (Flagship),Ultra Premium
Huawei,Nova 9,175g,8GB,32MP,50MP,Snapdragon 778G 4G,"4,300mAh",6.57 inches,"PKR 89,999","INR 37,999","CNY 2,699",USD 499,"AED 1,899",2021,8.0,175.0,32.0,50.0,1,4300,6.57,37999.0,89999.0,2699.0,499.0,1899.0,False,False,Snapdragon 7 (Upper-Mid),Upper Mid-Range
Huawei,Nova 9 Pro,186g,8GB,Dual 32MP,50MP,Snapdragon 778G 4G,"4,000mAh",6.72 inches,"PKR 109,999","INR 44,999","CNY 3,499",USD 599,"AED 2,199",2021,8.0,186.0,32.0,50.0,1,4000,6.72,44999.0,109999.0,3499.0,599.0,2199.0,False,False,Snapdragon 7 (Upper-Mid),Upper Mid-Range
Huawei,P50E,181g,8GB,13MP,50MP,Snapdragon 778G 4G,"4,100mAh",6.5 inches,"PKR 119,999","INR 54,999","CNY 4,088",USD 649,"AED 2,399",2022,8.0,181.0,13.0,50.0,1,4100,6.5,54999.0,119999.0,4088.0,649.0,2399.0,False,False,Snapdragon 7 (Upper-Mid),Upper Mid-Range
Huawei,Mate Xs 2,255g,8GB,10.7MP,50MP,Snapdragon 888 4G,"4,600mAh",7.8 inches (unfolded),"PKR 299,999","INR 199,999","CNY 14,999","USD 2,499","AED 8,999",2022,8.0,255.0,10.7,50.0,1,4600,7.8,199999.0,299999.0,14999.0,2499.0,8999.0,False,True,Snapdragon 8 (Flagship),Ultra Premium
Huawei,Mate 50,202g,8GB,13MP,50MP,Snapdragon 8+ Gen 1 4G,"4,460mAh",6.7 inches,"PKR 169,999","INR 84,999","CNY 6,299",USD 999,"AED 3,699",2022,8.0,202.0,13.0,50.0,1,4460,6.7,84999.0,169999.0,6299.0,999.0,3699.0,False,False,Snapdragon 8 (Flagship),Premium
Huawei,Mate 50 Pro,205g,8GB,13MP,50MP,Snapdragon 8+ Gen 1 4G,"4,700mAh",6.74 inches,"PKR 189,999","INR 99,999","CNY 7,299","USD 1,199","AED 4,399",2022,8.0,205.0,13.0,50.0,1,4700,6.74,99999.0,189999.0,7299.0,1199.0,4399.0,False,False,Snapdragon 8 (Flagship),Premium
Huawei,Nova 10,168g,8GB,60MP,50MP,Snapdragon 778G 4G,"4,000mAh",6.67 inches,"PKR 99,999","INR 39,999","CNY 2,699",USD 499,"AED 1,899",2022,8.0,168.0,60.0,50.0,1,4000,6.67,39999.0,99999.0,2699.0,499.0,1899.0,False,False,Snapdragon 7 (Upper-Mid),Upper Mid-Range
Huawei,Nova 10 Pro,191g,8GB,Dual 60MP,50MP,Snapdragon 778G 4G,"4,500mAh",6.78 inches,"PKR 119,999","INR 49,999","CNY 3,499",USD 599,"AED 2,199",2022,8.0,191.0,60.0,50.0,1,4500,6.78,49999.0,119999.0,3499.0,599.0,2199.0,False,False,Snapdragon 7 (Upper-Mid),Upper Mid-Range
Huawei,Nova 10 SE,184g,8GB,16MP,108MP,Snapdragon 680 4G,"4,500mAh",6.67 inches,"PKR 79,999","INR 34,999","CNY 2,299",USD 399,"AED 1,499",2022,8.0,184.0,16.0,108.0,1,4500,6.67,34999.0,79999.0,2299.0,399.0,1499.0,False,False,Snapdragon 6 (Mid),Upper Mid-Range
Huawei,P60,197g,8GB,13MP,48MP (wide) + 13MP (ultrawide) + 48MP (telephoto),Snapdragon 8+ Gen 1 4G,"4,815mAh",6.67 inches,"PKR 169,999","INR 84,999","CNY 6,988",USD 999,"AED 3,699",2023,8.0,197.0,13.0,48.0,3,4815,6.67,84999.0,169999.0,6988.0,999.0,3699.0,False,False,Snapdragon 8 (Flagship),Premium
Huawei,P60 Pro,200g,8GB / 12GB,13MP,48MP (wide) + 13MP (ultrawide) + 48MP (telephoto),Snapdragon 8+ Gen 1 4G,"4,815mAh",6.67 inches,"PKR 189,999","INR 99,999","CNY 7,988","USD 1,099","AED 4,199",2023,8.0,200.0,13.0,48.0,3,4815,6.67,99999.0,189999.0,7988.0,1099.0,4199.0,False,False,Snapdragon 8 (Flagship),Premium
Huawei,P60 Art,206g,8GB / 12GB,13MP,48MP (wide) + 40MP (ultrawide) + 48MP (telephoto),Snapdragon 8+ Gen 1 4G,"5,100mAh",6.73 inches,"PKR 219,999","INR 119,999","CNY 8,988","USD 1,299","AED 4,799",2023,8.0,206.0,13.0,48.0,3,5100,6.73,119999.0,219999.0,8988.0,1299.0,4799.0,False,False,Snapdragon 8 (Flagship),Ultra Premium
Huawei,Mate X3,239g,12GB,8MP,50MP (wide) + 13MP (ultrawide) + 12MP (periscope telephoto),Snapdragon 8+ Gen 1 4G,"4,800mAh",7.85 inches (unfolded),"PKR 349,999","INR 249,999","CNY 13,999","USD 2,499","AED 9,999",2023,12.0,239.0,8.0,50.0,3,4800,7.85,249999.0,349999.0,13999.0,2499.0,9999.0,False,True,Snapdragon 8 (Flagship),Ultra Premium
Huawei,Mate 60,209g,12GB,13MP,50MP (wide) + 12MP (ultrawide) + 12MP (telephoto),Kirin 9000S,"4,750mAh",6.7 inches,"PKR 199,999","INR 109,999","CNY 6,999","USD 1,099","AED 4,099",2023,12.0,209.0,13.0,50.0,3,4750,6.7,109999.0,199999.0,6999.0,1099.0,4099.0,False,False,Kirin 9000 (Flagship),Ultra Premium
Huawei,Mate 60 Pro,225g,12GB,13MP,50MP (wide) + 40MP (ultrawide) + 48MP (telephoto),Kirin 9000S,"5,000mAh",6.82 inches,"PKR 229,999","INR 129,999","CNY 7,999","USD 1,299","AED 4,699",2023,12.0,225.0,13.0,50.0,3,5000,6.82,129999.0,229999.0,7999.0,1299.0,4699.0,False,False,Kirin 9000 (Flagship),Ultra Premium
Huawei,Mate 60 Pro+,235g,12GB,13MP,50MP (wide) + 48MP (ultrawide) + 48MP (telephoto),Kirin 9000S,"5,200mAh",6.82 inches,"PKR 249,999","INR 149,999","CNY 8,999","USD 1,499","AED 5,199",2023,12.0,235.0,13.0,50.0,3,5200,6.82,149999.0,249999.0,8999.0,1499.0,5199.0,False,False,Kirin 9000 (Flagship),Ultra Premium
Huawei,Nova 11,168g,8GB,60MP,50MP (wide) + 8MP (ultrawide),Snapdragon 778G 4G,"4,500mAh",6.7 inches,"PKR 89,999","INR 44,999","CNY 2,999",USD 499,"AED 1,899",2023,8.0,168.0,60.0,50.0,2,4500,6.7,44999.0,89999.0,2999.0,499.0,1899.0,False,False,Snapdragon 7 (Upper-Mid),Upper Mid-Range
Huawei,Nova 11 Pro,188g,8GB,60MP (ultrawide) + 8MP (telephoto),50MP (wide) + 8MP (ultrawide),Snapdragon 778G 4G,"4,500mAh",6.78 inches,"PKR 109,999","INR 54,999","CNY 3,499",USD 599,"AED 2,199",2023,8.0,188.0,60.0,50.0,2,4500,6.78,54999.0,109999.0,3499.0,599.0,2199.0,False,False,Snapdragon 7 (Upper-Mid),Upper Mid-Range
Huawei,Nova 11 Ultra,188g,12GB,60MP (ultrawide) + 8MP (telephoto),50MP (wide) + 8MP (ultrawide),Snapdragon 778G 4G,"4,500mAh",6.78 inches,"PKR 129,999","INR 64,999","CNY 3,999",USD 699,"AED 2,499",2023,12.0,188.0,60.0,50.0,2,4500,6.78,64999.0,129999.0,3999.0,699.0,2499.0,False,False,Snapdragon 7 (Upper-Mid),Premium
Huawei,Pura 70,220g,12GB,13MP,50MP + 13MP + 12MP,Kirin 9010,"4,900mAh",6.8 inches,"PKR 169,999","INR 84,999","CNY 6,988",USD 999,"AED 3,699",2024,12.0,220.0,13.0,50.0,3,4900,6.8,84999.0,169999.0,6988.0,999.0,3699.0,False,False,Kirin 9000 (Flagship),Premium
Huawei,Pura 70 Pro,220g,12GB,13MP,50MP + 12.5MP + 48MP,Kirin 9010,"5,050mAh",6.8 inches,"PKR 189,999","INR 99,999","CNY 7,988","USD 1,099","AED 4,199",2024,12.0,220.0,13.0,50.0,3,5050,6.8,99999.0,189999.0,7988.0,1099.0,4199.0,False,False,Kirin 9000 (Flagship),Premium
Huawei,Pura 70 Pro+,220g,12GB,13MP,50MP + 12.5MP + 48MP,Kirin 9010,"5,050mAh",6.8 inches,"PKR 209,999","INR 114,999","CNY 8,988","USD 1,199","AED 4,699",2024,12.0,220.0,13.0,50.0,3,5050,6.8,114999.0,209999.0,8988.0,1199.0,4699.0,False,False,Kirin 9000 (Flagship),Ultra Premium
Huawei,Pura 70 Ultra,226g,16GB,13MP,50MP + 40MP + 50MP,Kirin 9010,"5,200mAh",6.8 inches,"PKR 229,999","INR 129,999","CNY 9,988","USD 1,299","AED 5,199",2024,16.0,226.0,13.0,50.0,3,5200,6.8,129999.0,229999.0,9988.0,1299.0,5199.0,False,False,Kirin 9000 (Flagship),Ultra Premium
Huawei,Mate 70,220g,12GB,13MP,50MP + 12MP,Kirin 9010,"4,900mAh",6.7 inches,"PKR 179,999","INR 89,999","CNY 5,499",USD 899,"AED 3,399",2024,12.0,220.0,13.0,50.0,2,4900,6.7,89999.0,179999.0,5499.0,899.0,3399.0,False,False,Kirin 9000 (Flagship),Premium
Huawei,Mate 70 Pro,220g,12GB,13MP,50MP + 12MP + 40MP,Kirin 9010,"5,000mAh",6.8 inches,"PKR 199,999","INR 104,999","CNY 6,499",USD 999,"AED 3,899",2024,12.0,220.0,13.0,50.0,3,5000,6.8,104999.0,199999.0,6499.0,999.0,3899.0,False,False,Kirin 9000 (Flagship),Ultra Premium
Huawei,Mate 70 Pro+,220g,12GB,13MP,50MP + 12MP + 40MP,Kirin 9010,"5,000mAh",6.8 inches,"PKR 219,999","INR 119,999","CNY 7,499","USD 1,099","AED 4,399",2024,12.0,220.0,13.0,50.0,3,5000,6.8,119999.0,219999.0,7499.0,1099.0,4399.0,False,False,Kirin 9000 (Flagship),Ultra Premium
Huawei,Mate X6,241g,12GB,8MP,50MP + 13MP + 12MP,Kirin 9010,"4,800mAh",7.93 inches,"PKR 349,999","INR 249,999","CNY 12,999","USD 2,499","AED 9,999",2024,12.0,241.0,8.0,50.0,3,4800,7.93,249999.0,349999.0,12999.0,2499.0,9999.0,False,True,Kirin 9000 (Flagship),Ultra Premium
Huawei,Nova 12,168g,8GB,60MP,50MP + 8MP,Kirin 9000S,"4,500mAh",6.7 inches,"PKR 89,999","INR 44,999","CNY 2,999",USD 499,"AED 1,899",2024,8.0,168.0,60.0,50.0,2,4500,6.7,44999.0,89999.0,2999.0,499.0,1899.0,False,False,Kirin 9000 (Flagship),Upper Mid-Range
Huawei,Nova 12 Pro,188g,8GB,60MP + 8MP,50MP + 8MP,Kirin 9000S,"4,500mAh",6.78 inches,"PKR 109,999","INR 54,999","CNY 3,499",USD 599,"AED 2,199",2024,8.0,188.0,60.0,50.0,2,4500,6.78,54999.0,109999.0,3499.0,599.0,2199.0,False,False,Kirin 9000 (Flagship),Upper Mid-Range
Huawei,Mate XT 256GB,245g,12GB,13MP,50MP + 12MP + 48MP,Kirin 9010,"5,000mAh",7.92 inches,"PKR 359,999","INR 259,999","CNY 13,499","USD 2,599","AED 10,499",2024,12.0,245.0,13.0,50.0,3,5000,7.92,259999.0,359999.0,13499.0,2599.0,10499.0,False,True,Kirin 9000 (Flagship),Ultra Premium
Huawei,Mate XT 512GB,245g,12GB,13MP,50MP + 12MP + 48MP,Kirin 9010,"5,000mAh",7.92 inches,"PKR 389,999","INR 274,999","CNY 14,499","USD 2,799","AED 11,099",2024,12.0,245.0,13.0,50.0,3,5000,7.92,274999.0,389999.0,14499.0,2799.0,11099.0,False,True,Kirin 9000 (Flagship),Ultra Premium
Huawei,Nova 13 256GB,170g,8GB,50MP,50MP + 8MP,Kirin 9000S,"4,600mAh",6.7 inches,"PKR 94,999","INR 47,999","CNY 3,199",USD 529,"AED 1,999",2024,8.0,170.0,50.0,50.0,2,4600,6.7,47999.0,94999.0,3199.0,529.0,1999.0,False,False,Kirin 9000 (Flagship),Upper Mid-Range
Huawei,Nova 13 512GB,170g,8GB,50MP,50MP + 8MP,Kirin 9000S,"4,600mAh",6.7 inches,"PKR 109,999","INR 54,999","CNY 3,699",USD 599,"AED 2,299",2024,8.0,170.0,50.0,50.0,2,4600,6.7,54999.0,109999.0,3699.0,599.0,2299.0,False,False,Kirin 9000 (Flagship),Upper Mid-Range
Huawei,Nova 13 Pro 256GB,190g,8GB,60MP + 8MP,50MP + 8MP,Kirin 9000S,"4,600mAh",6.78 inches,"PKR 119,999","INR 59,999","CNY 3,999",USD 649,"AED 2,399",2024,8.0,190.0,60.0,50.0,2,4600,6.78,59999.0,119999.0,3999.0,649.0,2399.0,False,False,Kirin 9000 (Flagship),Upper Mid-Range
Huawei,Nova 13 Pro 512GB,190g,8GB,60MP + 8MP,50MP + 8MP,Kirin 9000S,"4,600mAh",6.78 inches,"PKR 134,999","INR 67,999","CNY 4,499",USD 729,"AED 2,699",2024,8.0,190.0,60.0,50.0,2,4600,6.78,67999.0,134999.0,4499.0,729.0,2699.0,False,False,Kirin 9000 (Flagship),Premium
Nokia,G42 5G 128GB,193g,4GB,8MP,50MP,Snapdragon 480+,"5,000mAh",6.56 inches,"PKR 74,999","INR 18,999","CNY 1,499",USD 229,AED 849,2023,4.0,193.0,8.0,50.0,1,5000,6.56,18999.0,74999.0,1499.0,229.0,849.0,False,False,Snapdragon 4/5 (Entry-Mid),Mid-Range
Nokia,G20 64GB,197g,4GB,8MP,48MP,MediaTek G35,"5,050mAh",6.52 inches,"PKR 48,999","INR 12,499",CNY 999,USD 169,AED 629,2021,4.0,197.0,8.0,48.0,1,5050,6.52,12499.0,48999.0,999.0,169.0,629.0,False,False,Other,Budget
Nokia,G20 128GB,197g,4GB,8MP,48MP,MediaTek G35,"5,050mAh",6.52 inches,"PKR 54,999","INR 13,999","CNY 1,199",USD 189,AED 699,2021,4.0,197.0,8.0,48.0,1,5050,6.52,13999.0,54999.0,1199.0,189.0,699.0,False,False,Other,Budget
Nokia,C32 64GB,199g,3GB,8MP,50MP,Unisoc SC9863A,"5,000mAh",6.52 inches,"PKR 39,999","INR 9,999",CNY 899,USD 139,AED 499,2023,3.0,199.0,8.0,50.0,1,5000,6.52,9999.0,39999.0,899.0,139.0,499.0,False,False,Unisoc (Budget),Budget
Nokia,C32 128GB,199g,4GB,8MP,50MP,Unisoc SC9863A,"5,000mAh",6.52 inches,"PKR 44,999","INR 10,999",CNY 999,USD 159,AED 549,2023,4.0,199.0,8.0,50.0,1,5000,6.52,10999.0,44999.0,999.0,159.0,549.0,False,False,Unisoc (Budget),Budget
Nokia,G21 64GB,190g,4GB,8MP,50MP,Unisoc T606,"5,050mAh",6.5 inches,"PKR 46,999","INR 11,999","CNY 1,099",USD 169,AED 619,2022,4.0,190.0,8.0,50.0,1,5050,6.5,11999.0,46999.0,1099.0,169.0,619.0,False,False,Unisoc (Budget),Budget
Nokia,G21 128GB,190g,6GB,8MP,50MP,Unisoc T606,"5,050mAh",6.5 inches,"PKR 52,999","INR 13,999","CNY 1,299",USD 189,AED 699,2022,6.0,190.0,8.0,50.0,1,5050,6.5,13999.0,52999.0,1299.0,189.0,699.0,False,False,Unisoc (Budget),Budget
Nokia,C22 64GB,190g,2GB,8MP,13MP,Unisoc SC9863A,"5,000mAh",6.5 inches,"PKR 34,999","INR 8,499",CNY 799,USD 119,AED 449,2023,2.0,190.0,8.0,13.0,1,5000,6.5,8499.0,34999.0,799.0,119.0,449.0,False,False,Unisoc (Budget),Budget
Nokia,C22 128GB,190g,3GB,8MP,13MP,Unisoc SC9863A,"5,000mAh",6.5 inches,"PKR 38,999","INR 9,499",CNY 899,USD 139,AED 499,2023,3.0,190.0,8.0,13.0,1,5000,6.5,9499.0,38999.0,899.0,139.0,499.0,False,False,Unisoc (Budget),Budget
Nokia,G400 128GB,198g,6GB,16MP,48MP,Snapdragon 480,"5,000mAh",6.58 inches,"PKR 79,999","INR 22,999","CNY 1,799",USD 239,AED 899,2022,6.0,198.0,16.0,48.0,1,5000,6.58,22999.0,79999.0,1799.0,239.0,899.0,False,False,Snapdragon 4/5 (Entry-Mid),Mid-Range
Sony,Xperia 1 IV 256GB,185g,12GB,12MP,12MP,Snapdragon 8 Gen 1,"5,000mAh",6.5 inches,"PKR 429,999","INR 119,999","CNY 7,299","USD 1,599","AED 5,799",2022,12.0,185.0,12.0,12.0,1,5000,6.5,119999.0,429999.0,7299.0,1599.0,5799.0,False,False,Snapdragon 8 (Flagship),Ultra Premium
Sony,Xperia 5 IV 128GB,172g,8GB,12MP,12MP,Snapdragon 8 Gen 1,"5,000mAh",6.1 inches,"PKR 319,999","INR 89,999","CNY 5,999",USD 999,"AED 3,799",2022,8.0,172.0,12.0,12.0,1,5000,6.1,89999.0,319999.0,5999.0,999.0,3799.0,False,False,Snapdragon 8 (Flagship),Premium
Sony,Xperia 10 IV 128GB,161g,6GB,8MP,12MP,Snapdragon 695,"5,000mAh",6.0 inches,"PKR 179,999","INR 49,999","CNY 3,299",USD 499,"AED 1,799",2022,6.0,161.0,8.0,12.0,1,5000,6.0,49999.0,179999.0,3299.0,499.0,1799.0,False,False,Snapdragon 6 (Mid),Upper Mid-Range
Sony,Xperia 1 V 256GB,187g,12GB,12MP,48MP,Snapdragon 8 Gen 2,"5,000mAh",6.5 inches,"PKR 449,999","INR 124,999","CNY 7,999","USD 1,699","AED 5,999",2023,12.0,187.0,12.0,48.0,1,5000,6.5,124999.0,449999.0,7999.0,1699.0,5999.0,False,False,Snapdragon 8 (Flagship),Ultra Premium
Sony,Xperia 5 V 128GB,178g,8GB,12MP,48MP,Snapdragon 8 Gen 2,"5,000mAh",6.1 inches,"PKR 339,999","INR 94,999","CNY 6,299","USD 1,099","AED 4,099",2023,8.0,178.0,12.0,48.0,1,5000,6.1,94999.0,339999.0,6299.0,1099.0,4099.0,False,False,Snapdragon 8 (Flagship),Premium
Sony,Xperia 10 V 128GB,164g,6GB,8MP,48MP,Snapdragon 695,"5,000mAh",6.1 inches,"PKR 199,999","INR 54,999","CNY 3,699",USD 599,"AED 1,999",2023,6.0,164.0,8.0,48.0,1,5000,6.1,54999.0,199999.0,3699.0,599.0,1999.0,False,False,Snapdragon 6 (Mid),Upper Mid-Range
Sony,Xperia 1 VI 256GB,190g,12GB,12MP,48MP,Snapdragon 8 Gen 3,"5,000mAh",6.5 inches,"PKR 469,999","INR 129,999","CNY 8,499","USD 1,799","AED 6,199",2024,12.0,190.0,12.0,48.0,1,5000,6.5,129999.0,469999.0,8499.0,1799.0,6199.0,False,False,Snapdragon 8 (Flagship),Ultra Premium
Sony,Xperia 5 VI 128GB,180g,8GB,12MP,48MP,Snapdragon 8 Gen 3,"5,000mAh",6.1 inches,"PKR 349,999","INR 99,999","CNY 6,599","USD 1,199","AED 4,399",2024,8.0,180.0,12.0,48.0,1,5000,6.1,99999.0,349999.0,6599.0,1199.0,4399.0,False,False,Snapdragon 8 (Flagship),Premium
Sony,Xperia 10 VI 128GB,167g,6GB,8MP,48MP,Snapdragon 7 Gen 1,"5,000mAh",6.1 inches,"PKR 209,999","INR 59,999","CNY 3,999",USD 699,"AED 2,199",2024,6.0,167.0,8.0,48.0,1,5000,6.1,59999.0,209999.0,3999.0,699.0,2199.0,False,False,Snapdragon 7 (Upper-Mid),Upper Mid-Range
Nokia,T21,466g,4GB,8MP,8MP,Unisoc T612,8200mAh,10.4 inches,"PKR 52,000","INR 17,999","CNY 1,250","USD 396,22",AED 870,2022,4.0,466.0,8.0,8.0,1,8200,10.4,17999.0,52000.0,1250.0,396.22,870.0,True,False,Unisoc (Budget),Mid-Range
Huawei,MatePad Pro 12.2 512GB,508g,12GB,16MP,"13MP (f/1.8, AF)",Kirin 9000S,"10,100mAh",12.2 inches,"PKR 161,500","INR 49,990","CNY 4,799",USD 999,"AED 2,199",2024,12.0,508.0,16.0,13.0,1,10100,12.2,49990.0,161500.0,4799.0,999.0,2199.0,True,False,Kirin 9000 (Flagship),Upper Mid-Range
Huawei,MatePad Pro 13.2 512GB,580g,12GB,16MP,"13MP (f/1.8, AF)",Kirin 9000S,"10,100mAh",13.2 inches,"PKR 197,000","INR 58,590","CNY 5,199",USD 877,"AED 2,199",2024,12.0,580.0,16.0,13.0,1,10100,13.2,58590.0,197000.0,5199.0,877.0,2199.0,True,False,Kirin 9000 (Flagship),Upper Mid-Range
Google,Pixel 3a 64GB,147g,4GB,8MP,12.2MP,Snapdragon 670,"3,000mAh",5.6 inches,"PKR 69,999","INR 39,999","CNY 2,899",USD 399,"AED 1,599",2019,4.0,147.0,8.0,12.2,1,3000,5.6,39999.0,69999.0,2899.0,399.0,1599.0,False,False,Snapdragon 6 (Mid),Upper Mid-Range
Google,Pixel 3a XL 64GB,167g,4GB,8MP,12.2MP,Snapdragon 670,"3,700mAh",6.0 inches,"PKR 79,999","INR 44,999","CNY 3,299",USD 479,"AED 1,799",2019,4.0,167.0,8.0,12.2,1,3700,6.0,44999.0,79999.0,3299.0,479.0,1799.0,False,False,Snapdragon 6 (Mid),Upper Mid-Range
Google,Pixel 4 64GB,162g,6GB,8MP,12.2MP,Snapdragon 855,"2,800mAh",5.7 inches,"PKR 119,999","INR 59,999","CNY 4,799",USD 799,"AED 3,199",2019,6.0,162.0,8.0,12.2,1,2800,5.7,59999.0,119999.0,4799.0,799.0,3199.0,False,False,Snapdragon 8 (Flagship),Upper Mid-Range
Google,Pixel 4 XL 64GB,193g,6GB,8MP,12.2MP,Snapdragon 855,"3,700mAh",6.3 inches,"PKR 139,999","INR 69,999","CNY 5,499",USD 899,"AED 3,599",2019,6.0,193.0,8.0,12.2,1,3700,6.3,69999.0,139999.0,5499.0,899.0,3599.0,False,False,Snapdragon 8 (Flagship),Premium
Google,Pixel 4a 128GB,143g,6GB,8MP,12.2MP,Snapdragon 730G,"3,140mAh",5.8 inches,"PKR 89,999","INR 31,999","CNY 2,999",USD 349,"AED 1,399",2020,6.0,143.0,8.0,12.2,1,3140,5.8,31999.0,89999.0,2999.0,349.0,1399.0,False,False,Snapdragon 7 (Upper-Mid),Upper Mid-Range
Google,Pixel 4a 5G 128GB,168g,6GB,8MP,12.2MP,Snapdragon 765G,"3,885mAh",6.2 inches,"PKR 109,999","INR 37,999","CNY 3,799",USD 499,"AED 1,999",2020,6.0,168.0,8.0,12.2,1,3885,6.2,37999.0,109999.0,3799.0,499.0,1999.0,False,False,Snapdragon 7 (Upper-Mid),Upper Mid-Range
Google,Pixel 5 128GB,151g,8GB,8MP,12.2MP,Snapdragon 765G,"4,080mAh",6.0 inches,"PKR 139,999","INR 49,999","CNY 4,599",USD 699,"AED 2,799",2020,8.0,151.0,8.0,12.2,1,4080,6.0,49999.0,139999.0,4599.0,699.0,2799.0,False,False,Snapdragon 7 (Upper-Mid),Upper Mid-Range
Google,Pixel 5a 128GB,183g,6GB,8MP,12.2MP,Snapdragon 765G,"4,680mAh",6.34 inches,"PKR 109,999","INR 42,999","CNY 3,999",USD 449,"AED 1,799",2021,6.0,183.0,8.0,12.2,1,4680,6.34,42999.0,109999.0,3999.0,449.0,1799.0,False,False,Snapdragon 7 (Upper-Mid),Upper Mid-Range
Google,Pixel 6 128GB,207g,8GB,8MP,50MP,Google Tensor,"4,614mAh",6.4 inches,"PKR 159,999","INR 59,999","CNY 5,999",USD 699,"AED 2,999",2021,8.0,207.0,8.0,50.0,1,4614,6.4,59999.0,159999.0,5999.0,699.0,2999.0,False,False,Google Tensor,Upper Mid-Range
Google,Pixel 6 Pro 256GB,210g,12GB,11.1MP,50MP,Google Tensor,"5,003mAh",6.71 inches,"PKR 199,999","INR 79,999","CNY 7,199",USD 899,"AED 3,499",2021,12.0,210.0,11.1,50.0,1,5003,6.71,79999.0,199999.0,7199.0,899.0,3499.0,False,False,Google Tensor,Premium
Google,Pixel 6a 128GB,178g,6GB,8MP,12.2MP,Google Tensor,"4,410mAh",6.1 inches,"PKR 129,999","INR 43,999","CNY 4,299",USD 449,"AED 1,999",2022,6.0,178.0,8.0,12.2,1,4410,6.1,43999.0,129999.0,4299.0,449.0,1999.0,False,False,Google Tensor,Upper Mid-Range
Google,Pixel 7 128GB,197g,8GB,10.8MP,50MP,Google Tensor G2,"4,355mAh",6.3 inches,"PKR 169,999","INR 64,999","CNY 6,199",USD 599,"AED 2,399",2022,8.0,197.0,10.8,50.0,1,4355,6.3,64999.0,169999.0,6199.0,599.0,2399.0,False,False,Google Tensor,Premium
Google,Pixel 7 Pro 256GB,212g,12GB,10.8MP,50MP,Google Tensor G2,"5,000mAh",6.7 inches,"PKR 229,999","INR 89,999","CNY 7,999",USD 899,"AED 3,599",2022,12.0,212.0,10.8,50.0,1,5000,6.7,89999.0,229999.0,7999.0,899.0,3599.0,False,False,Google Tensor,Premium
Google,Pixel 7a 128GB,193g,8GB,10.8MP,64MP,Google Tensor G2,"4,385mAh",6.1 inches,"PKR 139,999","INR 44,999","CNY 4,599",USD 499,"AED 2,199",2023,8.0,193.0,10.8,64.0,1,4385,6.1,44999.0,139999.0,4599.0,499.0,2199.0,False,False,Google Tensor,Upper Mid-Range
Google,Pixel 8 128GB,187g,8GB,10.5MP,50MP,Google Tensor G3,"4,575mAh",6.2 inches,"PKR 179,999","INR 69,999","CNY 6,399",USD 699,"AED 2,799",2023,8.0,187.0,10.5,50.0,1,4575,6.2,69999.0,179999.0,6399.0,699.0,2799.0,False,False,Google Tensor,Premium
Google,Pixel 8 Pro 256GB,213g,12GB,10.5MP,50MP,Google Tensor G3,"5,050mAh",6.7 inches,"PKR 249,999","INR 99,999","CNY 8,499",USD 999,"AED 3,999",2023,12.0,213.0,10.5,50.0,1,5050,6.7,99999.0,249999.0,8499.0,999.0,3999.0,False,False,Google Tensor,Premium
Google,Pixel 8a 128GB,194g,8GB,10.5MP,64MP,Google Tensor G3,"4,385mAh",6.1 inches,"PKR 149,999","INR 49,999","CNY 4,999",USD 549,"AED 2,399",2024,8.0,194.0,10.5,64.0,1,4385,6.1,49999.0,149999.0,4999.0,549.0,2399.0,False,False,Google Tensor,Upper Mid-Range
Google,Pixel 9 128GB,195g,8GB,10.8MP,50MP,Google Tensor G4,"4,600mAh",6.3 inches,"PKR 189,999","INR 74,999","CNY 6,599",USD 799,"AED 3,199",2024,8.0,195.0,10.8,50.0,1,4600,6.3,74999.0,189999.0,6599.0,799.0,3199.0,False,False,Google Tensor,Premium
Google,Pixel 9 Pro 256GB,216g,12GB,10.8MP,50MP,Google Tensor G4,"5,050mAh",6.7 inches,"PKR 259,999","INR 109,999","CNY 8,799","USD 1,099","AED 4,199",2024,12.0,216.0,10.8,50.0,1,5050,6.7,109999.0,259999.0,8799.0,1099.0,4199.0,False,False,Google Tensor,Ultra Premium
Google,Pixel 9 Pro XL 512GB,222g,16GB,10.8MP,50MP,Google Tensor G4,"5,250mAh",6.8 inches,"PKR 299,999","INR 129,999","CNY 9,799","USD 1,299","AED 4,999",2024,16.0,222.0,10.8,50.0,1,5250,6.8,129999.0,299999.0,9799.0,1299.0,4999.0,False,False,Google Tensor,Ultra Premium
Google,Pixel 9 Pro Fold 512GB,250g,16GB,10.8MP,50MP,Google Tensor G4,"5,500mAh",7.6 inches,"PKR 399,999","INR 179,999","CNY 13,999","USD 1,799","AED 6,999",2024,16.0,250.0,10.8,50.0,1,5500,7.6,179999.0,399999.0,13999.0,1799.0,6999.0,False,True,Google Tensor,Ultra Premium
Tecno,Spark Go 1S 64GB,190g,4GB,8MP,13MP,MediaTek Helio A22,"5,000mAh",6.6 inches,"PKR 27,999","INR 9,999",CNY 799,USD 129,AED 499,2024,4.0,190.0,8.0,13.0,1,5000,6.6,9999.0,27999.0,799.0,129.0,499.0,False,False,Helio P/A (Budget),Budget
Tecno,Megapad 11 256GB,450g,8GB,13MP,50MP,MediaTek G99,"8,000mAh",11 inches,"PKR 69,999","INR 29,999","CNY 2,499",USD 349,"AED 1,299",2024,8.0,450.0,13.0,50.0,1,8000,11.0,29999.0,69999.0,2499.0,349.0,1299.0,True,False,Other,Mid-Range
Tecno,Pop 9 4G 64GB,195g,3GB,5MP,8MP,Unisoc SC9863A,"5,000mAh",6.52 inches,"PKR 22,999","INR 7,499",CNY 599,USD 99,AED 399,2024,3.0,195.0,5.0,8.0,1,5000,6.52,7499.0,22999.0,599.0,99.0,399.0,False,False,Unisoc (Budget),Budget
Tecno,Megapad 128GB,420g,6GB,12MP,50MP,MediaTek Helio G80,"7,500mAh",10.9 inches,"PKR 59,999","INR 24,999","CNY 2,299",USD 299,"AED 1,099",2024,6.0,420.0,12.0,50.0,1,7500,10.9,24999.0,59999.0,2299.0,299.0,1099.0,True,False,Helio G7-G8x (Budget),Mid-Range
Tecno,Camon 30S 256GB,198g,8GB,32MP,50MP,MediaTek Dimensity 810,"5,200mAh",6.8 inches,"PKR 89,999","INR 39,999","CNY 3,199",USD 499,"AED 1,999",2024,8.0,198.0,32.0,50.0,1,5200,6.8,39999.0,89999.0,3199.0,499.0,1999.0,False,False,Dimensity 8xxx (Upper-Mid),Upper Mid-Range
Tecno,Spark 30C 5G 128GB,200g,6GB,16MP,50MP,MediaTek Dimensity 6100+,"5,000mAh",6.6 inches,"PKR 39,999","INR 14,999","CNY 1,199",USD 199,AED 749,2024,6.0,200.0,16.0,50.0,1,5000,6.6,14999.0,39999.0,1199.0,199.0,749.0,False,False,Dimensity 6xx-1xxx (Entry-Mid),Budget
Tecno,Spark 30 5G 128GB,195g,6GB,16MP,50MP,MediaTek Dimensity 6020,"5,000mAh",6.6 inches,"PKR 42,999","INR 16,999","CNY 1,399",USD 229,AED 849,2024,6.0,195.0,16.0,50.0,1,5000,6.6,16999.0,42999.0,1399.0,229.0,849.0,False,False,Dimensity 6xx-1xxx (Entry-Mid),Mid-Range
Tecno,Pop 9 64GB,190g,3GB,5MP,8MP,Unisoc SC9832E,"5,000mAh",6.52 inches,"PKR 21,999","INR 6,999",CNY 549,USD 89,AED 349,2024,3.0,190.0,5.0,8.0,1,5000,6.52,6999.0,21999.0,549.0,89.0,349.0,False,False,Unisoc (Budget),Budget
Tecno,Spark 30 Pro 256GB,205g,8GB,32MP,50MP,MediaTek Helio G99,"5,200mAh",6.8 inches,"PKR 54,999","INR 19,999","CNY 1,799",USD 269,AED 999,2024,8.0,205.0,32.0,50.0,1,5200,6.8,19999.0,54999.0,1799.0,269.0,999.0,False,False,Helio G9x (Mid-Budget),Mid-Range
Tecno,Spark 30 128GB,192g,4GB,16MP,50MP,MediaTek Helio G85,"5,000mAh",6.6 inches,"PKR 34,999","INR 12,999","CNY 1,099",USD 179,AED 699,2024,4.0,192.0,16.0,50.0,1,5000,6.6,12999.0,34999.0,1099.0,179.0,699.0,False,False,Helio G7-G8x (Budget),Budget
Tecno,Phantom V Fold2 512GB,280g,12GB,32MP,64MP,MediaTek Dimensity 9200+,"5,500mAh",7.85 inches,"PKR 399,999","INR 169,999","CNY 12,999","USD 1,799","AED 6,999",2024,12.0,280.0,32.0,64.0,1,5500,7.85,169999.0,399999.0,12999.0,1799.0,6999.0,False,True,Dimensity 9xxx (Flagship),Ultra Premium
Tecno,Phantom V Flip2 256GB,195g,8GB,32MP,50MP,MediaTek Dimensity 8050,"4,300mAh",6.9 inches,"PKR 159,999","INR 79,999","CNY 5,999",USD 999,"AED 3,999",2024,8.0,195.0,32.0,50.0,1,4300,6.9,79999.0,159999.0,5999.0,999.0,3999.0,False,True,Dimensity 8xxx (Upper-Mid),Premium
Tecno,Pova 6 Neo 5G 256GB,225g,8GB,16MP,50MP,MediaTek Dimensity 810,"6,000mAh",6.8 inches,"PKR 69,999","INR 29,999","CNY 2,499",USD 349,"AED 1,299",2024,8.0,225.0,16.0,50.0,1,6000,6.8,29999.0,69999.0,2499.0,349.0,1299.0,False,False,Dimensity 8xxx (Upper-Mid),Mid-Range
Tecno,Spark 30C 128GB,190g,4GB,16MP,50MP,MediaTek Helio G85,"5,000mAh",6.6 inches,"PKR 32,999","INR 11,999",CNY 999,USD 149,AED 599,2024,4.0,190.0,16.0,50.0,1,5000,6.6,11999.0,32999.0,999.0,149.0,599.0,False,False,Helio G7-G8x (Budget),Budget
Tecno,Spark Go 1 64GB,195g,3GB,5MP,8MP,Unisoc SC9863A,"5,000mAh",6.52 inches,"PKR 22,999","INR 7,499",CNY 599,USD 99,AED 399,2024,3.0,195.0,5.0,8.0,1,5000,6.52,7499.0,22999.0,599.0,99.0,399.0,False,False,Unisoc (Budget),Budget
Tecno,Camon 30S Pro 512GB,202g,12GB,50MP,108MP,MediaTek Dimensity 9200,"5,200mAh",6.9 inches,"PKR 159,999","INR 79,999","CNY 6,999","USD 1,099","AED 4,199",2024,12.0,202.0,50.0,108.0,1,5200,6.9,79999.0,159999.0,6999.0,1099.0,4199.0,False,False,Dimensity 9xxx (Flagship),Premium
Tecno,Spark 20P 128GB,195g,4GB,16MP,50MP,MediaTek Helio G85,"5,000mAh",6.6 inches,"PKR 37,999","INR 13,999","CNY 1,199",USD 179,AED 699,2024,4.0,195.0,16.0,50.0,1,5000,6.6,13999.0,37999.0,1199.0,179.0,699.0,False,False,Helio G7-G8x (Budget),Budget
Tecno,Spark 20 Pro 5G 256GB,210g,8GB,32MP,50MP,MediaTek Dimensity 810,"5,200mAh",6.8 inches,"PKR 59,999","INR 24,999","CNY 2,299",USD 329,"AED 1,199",2024,8.0,210.0,32.0,50.0,1,5200,6.8,24999.0,59999.0,2299.0,329.0,1199.0,False,False,Dimensity 8xxx (Upper-Mid),Mid-Range
Tecno,Pova 6 Neo 256GB,230g,8GB,16MP,50MP,MediaTek Helio G99,"6,000mAh",6.8 inches,"PKR 55,999","INR 22,999","CNY 1,899",USD 299,"AED 1,099",2024,8.0,230.0,16.0,50.0,1,6000,6.8,22999.0,55999.0,1899.0,299.0,1099.0,False,False,Helio G9x (Mid-Budget),Mid-Range
Tecno,Camon 30 Premier 512GB,210g,12GB,50MP,108MP,MediaTek Dimensity 9200,"5,200mAh",6.9 inches,"PKR 179,999","INR 89,999","CNY 7,499","USD 1,199","AED 4,499",2024,12.0,210.0,50.0,108.0,1,5200,6.9,89999.0,179999.0,7499.0,1199.0,4499.0,False,False,Dimensity 9xxx (Flagship),Premium
Tecno,Camon 30 Pro 512GB,205g,12GB,50MP,64MP,MediaTek Dimensity 8200,"5,200mAh",6.8 inches,"PKR 129,999","INR 64,999","CNY 5,499",USD 899,"AED 3,299",2024,12.0,205.0,50.0,64.0,1,5200,6.8,64999.0,129999.0,5499.0,899.0,3299.0,False,False,Dimensity 8xxx (Upper-Mid),Premium
Tecno,Camon 30 5G 256GB,198g,8GB,32MP,50MP,MediaTek Dimensity 810,"5,000mAh",6.7 inches,"PKR 89,999","INR 39,999","CNY 3,199",USD 499,"AED 1,999",2024,8.0,198.0,32.0,50.0,1,5000,6.7,39999.0,89999.0,3199.0,499.0,1999.0,False,False,Dimensity 8xxx (Upper-Mid),Upper Mid-Range
Tecno,Camon 30 128GB,195g,6GB,32MP,50MP,MediaTek Helio G99,"5,000mAh",6.7 inches,"PKR 69,999","INR 29,999","CNY 2,499",USD 349,"AED 1,299",2024,6.0,195.0,32.0,50.0,1,5000,6.7,29999.0,69999.0,2499.0,349.0,1299.0,False,False,Helio G9x (Mid-Budget),Mid-Range
Tecno,Pova 6 Pro 512GB,230g,12GB,32MP,64MP,MediaTek Dimensity 8100,"6,000mAh",6.9 inches,"PKR 159,999","INR 79,999","CNY 6,999","USD 1,099","AED 4,199",2024,12.0,230.0,32.0,64.0,1,6000,6.9,79999.0,159999.0,6999.0,1099.0,4199.0,False,False,Dimensity 8xxx (Upper-Mid),Premium
Tecno,Spark 20 Pro+ 256GB,210g,8GB,32MP,50MP,MediaTek Helio G99,"5,200mAh",6.8 inches,"PKR 54,999","INR 19,999","CNY 1,799",USD 269,AED 999,2024,8.0,210.0,32.0,50.0,1,5200,6.8,19999.0,54999.0,1799.0,269.0,999.0,False,False,Helio G9x (Mid-Budget),Mid-Range
Tecno,Spark 20 Pro 128GB,195g,6GB,16MP,50MP,MediaTek Helio G85,"5,000mAh",6.6 inches,"PKR 39,999","INR 14,999","CNY 1,199",USD 199,AED 749,2024,6.0,195.0,16.0,50.0,1,5000,6.6,14999.0,39999.0,1199.0,199.0,749.0,False,False,Helio G7-G8x (Budget),Budget
Tecno,Spark 20 128GB,192g,4GB,16MP,50MP,MediaTek Helio G85,"5,000mAh",6.6 inches,"PKR 34,999","INR 12,999","CNY 1,099",USD 179,AED 699,2024,4.0,192.0,16.0,50.0,1,5000,6.6,12999.0,34999.0,1099.0,179.0,699.0,False,False,Helio G7-G8x (Budget),Budget
Tecno,Spark 20C 128GB,190g,4GB,16MP,50MP,MediaTek Helio G85,"5,000mAh",6.6 inches,"PKR 32,999","INR 11,999",CNY 999,USD 149,AED 599,2024,4.0,190.0,16.0,50.0,1,5000,6.6,11999.0,32999.0,999.0,149.0,599.0,False,False,Helio G7-G8x (Budget),Budget
Tecno,Spark Go 2024 64GB,195g,3GB,5MP,8MP,Unisoc SC9863A,"5,000mAh",6.52 inches,"PKR 22,999","INR 7,499",CNY 599,USD 99,AED 399,2024,3.0,195.0,5.0,8.0,1,5000,6.52,7499.0,22999.0,599.0,99.0,399.0,False,False,Unisoc (Budget),Budget
Tecno,Pop 8 64GB,195g,3GB,5MP,8MP,Unisoc SC9832E,"5,000mAh",6.52 inches,"PKR 21,999","INR 6,999",CNY 549,USD 89,AED 349,2024,3.0,195.0,5.0,8.0,1,5000,6.52,6999.0,21999.0,549.0,89.0,349.0,False,False,Unisoc (Budget),Budget
Tecno,Camon 20s Pro 5G 512GB,202g,12GB,50MP,108MP,MediaTek Dimensity 9200,"5,200mAh",6.9 inches,"PKR 159,999","INR 79,999","CNY 6,999","USD 1,099","AED 4,199",2024,12.0,202.0,50.0,108.0,1,5200,6.9,79999.0,159999.0,6999.0,1099.0,4199.0,False,False,Dimensity 9xxx (Flagship),Premium
Tecno,Camon 20s Pro 256GB,202g,12GB,50MP,108MP,MediaTek Dimensity 810,"5,200mAh",6.9 inches,"PKR 129,999","INR 59,999","CNY 4,999",USD 899,"AED 3,499",2024,12.0,202.0,50.0,108.0,1,5200,6.9,59999.0,129999.0,4999.0,899.0,3499.0,False,False,Dimensity 8xxx (Upper-Mid),Upper Mid-Range
Tecno,Camon 20s 256GB,200g,8GB,32MP,50MP,MediaTek Helio G99,"5,000mAh",6.7 inches,"PKR 79,999","INR 34,999","CNY 2,799",USD 449,"AED 1,799",2024,8.0,200.0,32.0,50.0,1,5000,6.7,34999.0,79999.0,2799.0,449.0,1799.0,False,False,Helio G9x (Mid-Budget),Upper Mid-Range
Tecno,Camon 20 Premier 512GB,205g,12GB,50MP,108MP,MediaTek Dimensity 8200,"5,200mAh",6.8 inches,"PKR 149,999","INR 74,999","CNY 6,499","USD 1,049","AED 3,999",2024,12.0,205.0,50.0,108.0,1,5200,6.8,74999.0,149999.0,6499.0,1049.0,3999.0,False,False,Dimensity 8xxx (Upper-Mid),Premium
Tecno,Camon 20 Pro 5G 256GB,200g,8GB,32MP,50MP,MediaTek Dimensity 810,"5,000mAh",6.7 inches,"PKR 89,999","INR 39,999","CNY 3,199",USD 499,"AED 1,999",2024,8.0,200.0,32.0,50.0,1,5000,6.7,39999.0,89999.0,3199.0,499.0,1999.0,False,False,Dimensity 8xxx (Upper-Mid),Upper Mid-Range
Tecno,Camon 20 Pro 128GB,198g,6GB,32MP,50MP,MediaTek Helio G99,"5,000mAh",6.7 inches,"PKR 69,999","INR 29,999","CNY 2,499",USD 349,"AED 1,299",2024,6.0,198.0,32.0,50.0,1,5000,6.7,29999.0,69999.0,2499.0,349.0,1299.0,False,False,Helio G9x (Mid-Budget),Mid-Range
Tecno,Camon 20 128GB,195g,6GB,32MP,50MP,MediaTek Helio G99,"5,000mAh",6.7 inches,"PKR 69,999","INR 29,999","CNY 2,499",USD 349,"AED 1,299",2024,6.0,195.0,32.0,50.0,1,5000,6.7,29999.0,69999.0,2499.0,349.0,1299.0,False,False,Helio G9x (Mid-Budget),Mid-Range
Tecno,Pova 5G 512GB,240g,8GB,32MP,50MP,MediaTek Dimensity 900,"6,000mAh",6.9 inches,"PKR 119,999","INR 54,999","CNY 4,499",USD 699,"AED 2,799",2024,8.0,240.0,32.0,50.0,1,6000,6.9,54999.0,119999.0,4499.0,699.0,2799.0,False,False,Dimensity 9xxx (Flagship),Upper Mid-Range
Tecno,Pova 5 256GB,230g,8GB,16MP,50MP,MediaTek Helio G99,"6,000mAh",6.8 inches,"PKR 59,999","INR 24,999","CNY 2,299",USD 329,"AED 1,199",2024,8.0,230.0,16.0,50.0,1,6000,6.8,24999.0,59999.0,2299.0,329.0,1199.0,False,False,Helio G9x (Mid-Budget),Mid-Range
Infinix,Xpad,450g,6GB,8MP,13MP,MediaTek Helio G99,"7,000mAh",10.1 inches,"PKR 54,999","INR 21,999","CNY 1,999",USD 299,"AED 1,099",2024,6.0,450.0,8.0,13.0,1,7000,10.1,21999.0,54999.0,1999.0,299.0,1099.0,True,False,Helio G9x (Mid-Budget),Mid-Range
Infinix,Xpad 5G,470g,8GB,16MP,50MP,MediaTek Dimensity 810,"8,000mAh",10.4 inches,"PKR 79,999","INR 29,999","CNY 2,499",USD 399,"AED 1,499",2024,8.0,470.0,16.0,50.0,1,8000,10.4,29999.0,79999.0,2499.0,399.0,1499.0,True,False,Dimensity 8xxx (Upper-Mid),Mid-Range
Infinix,Xpad Lite,420g,4GB,5MP,8MP,Unisoc T606,"6,000mAh",9.7 inches,"PKR 39,999","INR 14,999","CNY 1,399",USD 219,AED 799,2024,4.0,420.0,5.0,8.0,1,6000,9.7,14999.0,39999.0,1399.0,219.0,799.0,True,False,Unisoc (Budget),Budget
Infinix,Xpad Pro,480g,12GB,32MP,50MP,MediaTek Dimensity 9200,"9,000mAh",11.0 inches,"PKR 99,999","INR 39,999","CNY 3,499",USD 549,"AED 1,999",2024,12.0,480.0,32.0,50.0,1,9000,11.0,39999.0,99999.0,3499.0,549.0,1999.0,True,False,Dimensity 9xxx (Flagship),Upper Mid-Range
Infinix,Hot 50,192g,6GB,8MP,50MP,MediaTek Helio G85,"5,000mAh",6.78 inches,"PKR 39,999","INR 14,999","CNY 1,399",USD 219,AED 799,2024,6.0,192.0,8.0,50.0,1,5000,6.78,14999.0,39999.0,1399.0,219.0,799.0,False,False,Helio G7-G8x (Budget),Budget
Infinix,Hot 50i,190g,4GB,8MP,50MP,Unisoc T606,"5,000mAh",6.6 inches,"PKR 32,999","INR 12,499","CNY 1,199",USD 179,AED 699,2024,4.0,190.0,8.0,50.0,1,5000,6.6,12499.0,32999.0,1199.0,179.0,699.0,False,False,Unisoc (Budget),Budget
Infinix,Hot 50 5G,195g,8GB,16MP,50MP,MediaTek Dimensity 810,"5,200mAh",6.78 inches,"PKR 48,999","INR 18,999","CNY 1,799",USD 289,"AED 1,049",2024,8.0,195.0,16.0,50.0,1,5200,6.78,18999.0,48999.0,1799.0,289.0,1049.0,False,False,Dimensity 8xxx (Upper-Mid),Mid-Range
Infinix,Hot 50 Pro,194g,8GB,16MP,50MP,MediaTek Helio G99,"5,000mAh",6.8 inches,"PKR 45,999","INR 17,999","CNY 1,699",USD 269,AED 999,2024,8.0,194.0,16.0,50.0,1,5000,6.8,17999.0,45999.0,1699.0,269.0,999.0,False,False,Helio G9x (Mid-Budget),Mid-Range
Infinix,Hot 50 Pro+,196g,12GB,32MP,108MP,MediaTek Dimensity 9200,"5,300mAh",6.9 inches,"PKR 64,999","INR 24,999","CNY 2,499",USD 379,"AED 1,399",2024,12.0,196.0,32.0,108.0,1,5300,6.9,24999.0,64999.0,2499.0,379.0,1399.0,False,False,Dimensity 9xxx (Flagship),Mid-Range
Infinix,GT 20 Pro,198g,12GB,32MP,108MP,MediaTek Dimensity 8200,"5,500mAh",6.9 inches,"PKR 89,999","INR 32,999","CNY 2,999",USD 449,"AED 1,699",2024,12.0,198.0,32.0,108.0,1,5500,6.9,32999.0,89999.0,2999.0,449.0,1699.0,False,False,Dimensity 8xxx (Upper-Mid),Upper Mid-Range
Infinix,Note 40X 5G,198g,8GB,32MP,108MP,MediaTek Dimensity 7200,"5,200mAh",6.8 inches,"PKR 64,999","INR 23,999","CNY 2,299",USD 349,"AED 1,299",2024,8.0,198.0,32.0,108.0,1,5200,6.8,23999.0,64999.0,2299.0,349.0,1299.0,False,False,Dimensity 7xxx (Mid),Mid-Range
Infinix,Note 40S,196g,8GB,32MP,50MP,MediaTek Helio G99,"5,000mAh",6.78 inches,"PKR 42,999","INR 16,999","CNY 1,799",USD 279,AED 999,2024,8.0,196.0,32.0,50.0,1,5000,6.78,16999.0,42999.0,1799.0,279.0,999.0,False,False,Helio G9x (Mid-Budget),Mid-Range
Infinix,Note 40 5G,195g,8GB,32MP,108MP,MediaTek Dimensity 8100,"5,200mAh",6.8 inches,"PKR 54,999","INR 19,999","CNY 1,999",USD 319,"AED 1,099",2024,8.0,195.0,32.0,108.0,1,5200,6.8,19999.0,54999.0,1999.0,319.0,1099.0,False,False,Dimensity 8xxx (Upper-Mid),Mid-Range
Infinix,Note 40 Pro 5G,195g,12GB,32MP,108MP,MediaTek Dimensity 9000,"5,300mAh",6.8 inches,"PKR 72,999","INR 27,999","CNY 2,499",USD 399,"AED 1,499",2024,12.0,195.0,32.0,108.0,1,5300,6.8,27999.0,72999.0,2499.0,399.0,1499.0,False,False,Dimensity 9xxx (Flagship),Mid-Range
Infinix,Note 40 Racing Edition,196g,12GB,32MP,108MP,MediaTek Dimensity 9200,"5,500mAh",6.9 inches,"PKR 89,999","INR 32,999","CNY 2,999",USD 449,"AED 1,699",2024,12.0,196.0,32.0,108.0,1,5500,6.9,32999.0,89999.0,2999.0,449.0,1699.0,False,False,Dimensity 9xxx (Flagship),Upper Mid-Range
Infinix,Hot 40,196g,8GB,32MP,50MP,MediaTek Helio G88,"5,000mAh",6.78 inches,"PKR 35,999","INR 12,499","CNY 1,199",USD 199,AED 749,2023,8.0,196.0,32.0,50.0,1,5000,6.78,12499.0,35999.0,1199.0,199.0,749.0,False,False,Helio G7-G8x (Budget),Budget
Infinix,Hot 40i,195g,4GB,8MP,13MP,Unisoc T606,"5,000mAh",6.6 inches,"PKR 28,999","INR 10,999",CNY 999,USD 159,AED 599,2023,4.0,195.0,8.0,13.0,1,5000,6.6,10999.0,28999.0,999.0,159.0,599.0,False,False,Unisoc (Budget),Budget
Infinix,Hot 40 Pro,195g,8GB,32MP,108MP,MediaTek Helio G99,"5,000mAh",6.78 inches,"PKR 39,999","INR 14,999","CNY 1,399",USD 229,AED 849,2023,8.0,195.0,32.0,108.0,1,5000,6.78,14999.0,39999.0,1399.0,229.0,849.0,False,False,Helio G9x (Mid-Budget),Budget
Infinix,Zero 40,195g,12GB,50MP,108MP,MediaTek Dimensity 8200,"5,000mAh",6.78 inches,"PKR 69,999","INR 24,999","CNY 2,199",USD 349,"AED 1,299",2024,12.0,195.0,50.0,108.0,1,5000,6.78,24999.0,69999.0,2199.0,349.0,1299.0,False,False,Dimensity 8xxx (Upper-Mid),Mid-Range
Infinix,Zero 40 5G,195g,12GB,50MP,108MP,MediaTek Dimensity 8200,"5,000mAh",6.78 inches,"PKR 74,999","INR 27,999","CNY 2,299",USD 379,"AED 1,399",2024,12.0,195.0,50.0,108.0,1,5000,6.78,27999.0,74999.0,2299.0,379.0,1399.0,False,False,Dimensity 8xxx (Upper-Mid),Mid-Range
Infinix,Zero Flip,190g,8GB,32MP,108MP,Qualcomm Snapdragon 778G,"4,500mAh",6.7 inches,"PKR 89,999","INR 32,999","CNY 2,499",USD 399,"AED 1,499",2024,8.0,190.0,32.0,108.0,1,4500,6.7,32999.0,89999.0,2499.0,399.0,1499.0,False,True,Snapdragon 7 (Upper-Mid),Upper Mid-Range
Infinix,Note 40,190g,8GB,32MP,108MP,MediaTek Helio G99,"5,000mAh",6.78 inches,"PKR 45,999","INR 17,999","CNY 1,799",USD 279,AED 999,2024,8.0,190.0,32.0,108.0,1,5000,6.78,17999.0,45999.0,1799.0,279.0,999.0,False,False,Helio G9x (Mid-Budget),Mid-Range
Infinix,Note 40 Pro,190g,12GB,32MP,108MP,MediaTek Dimensity 8100,"5,000mAh",6.78 inches,"PKR 59,999","INR 22,999","CNY 2,199",USD 329,"AED 1,199",2024,12.0,190.0,32.0,108.0,1,5000,6.78,22999.0,59999.0,2199.0,329.0,1199.0,False,False,Dimensity 8xxx (Upper-Mid),Mid-Range
Infinix,Hot 30 128GB,196g,8GB,8MP,50MP,MediaTek Helio G88,"5,000mAh",6.78 inches,"PKR 35,999","INR 12,499","CNY 1,199",USD 199,AED 749,2023,8.0,196.0,8.0,50.0,1,5000,6.78,12499.0,35999.0,1199.0,199.0,749.0,False,False,Helio G7-G8x (Budget),Budget
Infinix,Hot 30i 128GB,191g,4GB,8MP,13MP,Unisoc T606,"5,000mAh",6.6 inches,"PKR 28,999","INR 10,999",CNY 999,USD 159,AED 599,2023,4.0,191.0,8.0,13.0,1,5000,6.6,10999.0,28999.0,999.0,159.0,599.0,False,False,Unisoc (Budget),Budget
Infinix,Hot 30i NFC 128GB,191g,4GB,8MP,13MP,Unisoc T606,"5,000mAh",6.6 inches,"PKR 29,999","INR 11,499",CNY 999,USD 159,AED 599,2023,4.0,191.0,8.0,13.0,1,5000,6.6,11499.0,29999.0,999.0,159.0,599.0,False,False,Unisoc (Budget),Budget
Infinix,Hot 30 Play 128GB,205g,4GB,8MP,16MP,MediaTek Helio G37,"6,000mAh",6.82 inches,"PKR 30,999","INR 11,999","CNY 1,099",USD 179,AED 649,2023,4.0,205.0,8.0,16.0,1,6000,6.82,11999.0,30999.0,1099.0,179.0,649.0,False,False,Helio G (Budget),Budget
Infinix,Hot 30 5G 128GB,202g,8GB,8MP,50MP,MediaTek Dimensity 810,"5,000mAh",6.78 inches,"PKR 41,999","INR 17,999","CNY 1,499",USD 239,AED 899,2023,8.0,202.0,8.0,50.0,1,5000,6.78,17999.0,41999.0,1499.0,239.0,899.0,False,False,Dimensity 8xxx (Upper-Mid),Mid-Range
Infinix,Zero 30 256GB,185g,8GB,50MP,108MP,MediaTek Dimensity 8020,"5,000mAh",6.78 inches,"PKR 69,999","INR 26,999","CNY 2,199",USD 349,"AED 1,299",2023,8.0,185.0,50.0,108.0,1,5000,6.78,26999.0,69999.0,2199.0,349.0,1299.0,False,False,Dimensity 8xxx (Upper-Mid),Mid-Range
Infinix,Zero 30 5G 256GB,185g,12GB,50MP,108MP,MediaTek Dimensity 8020,"5,000mAh",6.78 inches,"PKR 74,999","INR 29,999","CNY 2,299",USD 379,"AED 1,399",2023,12.0,185.0,50.0,108.0,1,5000,6.78,29999.0,74999.0,2299.0,379.0,1399.0,False,False,Dimensity 8xxx (Upper-Mid),Mid-Range
Infinix,GT 10 Pro 256GB,187g,8GB,32MP,108MP,MediaTek Dimensity 8050,"5,000mAh",6.67 inches,"PKR 84,999","INR 32,999","CNY 2,599",USD 399,"AED 1,499",2023,8.0,187.0,32.0,108.0,1,5000,6.67,32999.0,84999.0,2599.0,399.0,1499.0,False,False,Dimensity 8xxx (Upper-Mid),Upper Mid-Range
Infinix,Hot 12 128GB,195g,6GB,8MP,13MP,MediaTek Helio G85,"5,000mAh",6.82 inches,"PKR 28,999","INR 11,499","CNY 1,099",USD 179,AED 649,2022,6.0,195.0,8.0,13.0,1,5000,6.82,11499.0,28999.0,1099.0,179.0,649.0,False,False,Helio G7-G8x (Budget),Budget
Infinix,Hot 12 Play 128GB,209g,4GB,8MP,13MP,Unisoc T610,"6,000mAh",6.82 inches,"PKR 24,999","INR 10,499",CNY 999,USD 159,AED 599,2022,4.0,209.0,8.0,13.0,1,6000,6.82,10499.0,24999.0,999.0,159.0,599.0,False,False,Unisoc (Budget),Budget
Infinix,Hot 12 Pro 128GB,191g,8GB,8MP,50MP,Unisoc T616,"5,000mAh",6.6 inches,"PKR 31,999","INR 12,999","CNY 1,199",USD 199,AED 749,2022,8.0,191.0,8.0,50.0,1,5000,6.6,12999.0,31999.0,1199.0,199.0,749.0,False,False,Unisoc (Budget),Budget
Infinix,Hot 12i 64GB,190g,4GB,8MP,13MP,MediaTek Helio A22,"5,000mAh",6.6 inches,"PKR 22,999","INR 9,999",CNY 899,USD 139,AED 499,2022,4.0,190.0,8.0,13.0,1,5000,6.6,9999.0,22999.0,899.0,139.0,499.0,False,False,Helio P/A (Budget),Budget
Infinix,Hot 20 128GB,198g,6GB,8MP,50MP,MediaTek Helio G85,"5,000mAh",6.82 inches,"PKR 30,999","INR 12,999","CNY 1,199",USD 199,AED 749,2022,6.0,198.0,8.0,50.0,1,5000,6.82,12999.0,30999.0,1199.0,199.0,749.0,False,False,Helio G7-G8x (Budget),Budget
Infinix,Hot 20 Play 128GB,209g,4GB,8MP,13MP,MediaTek Helio G37,"6,000mAh",6.82 inches,"PKR 25,999","INR 10,999",CNY 999,USD 159,AED 599,2022,4.0,209.0,8.0,13.0,1,6000,6.82,10999.0,25999.0,999.0,159.0,599.0,False,False,Helio G (Budget),Budget
Infinix,Hot 20s 128GB,202g,8GB,8MP,50MP,MediaTek Helio G96,"5,000mAh",6.78 inches,"PKR 34,999","INR 14,999","CNY 1,399",USD 219,AED 799,2022,8.0,202.0,8.0,50.0,1,5000,6.78,14999.0,34999.0,1399.0,219.0,799.0,False,False,Helio G9x (Mid-Budget),Budget
Infinix,Hot 20 5G 128GB,204g,6GB,8MP,50MP,MediaTek Dimensity 810,"5,000mAh",6.6 inches,"PKR 38,999","INR 16,999","CNY 1,499",USD 239,AED 899,2022,6.0,204.0,8.0,50.0,1,5000,6.6,16999.0,38999.0,1499.0,239.0,899.0,False,False,Dimensity 8xxx (Upper-Mid),Mid-Range
Infinix,Hot 20i 64GB,195g,4GB,8MP,13MP,MediaTek Helio G25,"5,000mAh",6.6 inches,"PKR 21,999","INR 9,499",CNY 899,USD 139,AED 499,2022,4.0,195.0,8.0,13.0,1,5000,6.6,9499.0,21999.0,899.0,139.0,499.0,False,False,Helio G (Budget),Budget
Infinix,Hot 10T 128GB,205g,4GB,8MP,48MP,MediaTek Helio G70,"5,000mAh",6.82 inches,"PKR 23,999","INR 10,499",CNY 999,USD 149,AED 549,2021,4.0,205.0,8.0,48.0,1,5000,6.82,10499.0,23999.0,999.0,149.0,549.0,False,False,Helio G7-G8x (Budget),Budget
Infinix,Hot 10S 128GB,211g,6GB,8MP,48MP,MediaTek Helio G85,"6,000mAh",6.82 inches,"PKR 25,999","INR 11,999","CNY 1,099",USD 169,AED 599,2021,6.0,211.0,8.0,48.0,1,6000,6.82,11999.0,25999.0,1099.0,169.0,599.0,False,False,Helio G7-G8x (Budget),Budget
Infinix,Hot 10S NFC 128GB,211g,6GB,8MP,48MP,MediaTek Helio G85,"6,000mAh",6.82 inches,"PKR 26,999","INR 12,499","CNY 1,199",USD 179,AED 649,2021,6.0,211.0,8.0,48.0,1,6000,6.82,12499.0,26999.0,1199.0,179.0,649.0,False,False,Helio G7-G8x (Budget),Budget
Infinix,Hot 10 Lite 64GB,195g,3GB,8MP,13MP,MediaTek Helio A25,"5,000mAh",6.6 inches,"PKR 19,999","INR 7,999",CNY 699,USD 109,AED 399,2020,3.0,195.0,8.0,13.0,1,5000,6.6,7999.0,19999.0,699.0,109.0,399.0,False,False,Helio P/A (Budget),Budget
Infinix,Hot 10 Play 64GB,207g,4GB,8MP,13MP,MediaTek Helio G25,"6,000mAh",6.82 inches,"PKR 22,999","INR 9,499",CNY 899,USD 139,AED 499,2021,4.0,207.0,8.0,13.0,1,6000,6.82,9499.0,22999.0,899.0,139.0,499.0,False,False,Helio G (Budget),Budget
Infinix,Hot 11 128GB,201g,4GB,8MP,13MP,MediaTek Helio G70,"5,200mAh",6.6 inches,"PKR 24,999","INR 10,999",CNY 999,USD 159,AED 599,2021,4.0,201.0,8.0,13.0,1,5200,6.6,10999.0,24999.0,999.0,159.0,599.0,False,False,Helio G7-G8x (Budget),Budget
Infinix,Hot 11 Play 128GB,209g,4GB,8MP,13MP,MediaTek Helio G35,"6,000mAh",6.82 inches,"PKR 25,999","INR 11,499","CNY 1,099",USD 169,AED 649,2021,4.0,209.0,8.0,13.0,1,6000,6.82,11499.0,25999.0,1099.0,169.0,649.0,False,False,Helio G (Budget),Budget
Infinix,Hot 11s 128GB,205g,6GB,8MP,50MP,MediaTek Helio G88,"5,000mAh",6.78 inches,"PKR 27,999","INR 12,999","CNY 1,299",USD 189,AED 699,2021,6.0,205.0,8.0,50.0,1,5000,6.78,12999.0,27999.0,1299.0,189.0,699.0,False,False,Helio G7-G8x (Budget),Budget
Infinix,Smart HD 32GB,195g,2GB,5MP,8MP,MediaTek Helio A20,"5,000mAh",6.1 inches,"PKR 15,999","INR 5,999",CNY 499,USD 79,AED 299,2020,2.0,195.0,5.0,8.0,1,5000,6.1,5999.0,15999.0,499.0,79.0,299.0,False,False,Helio P/A (Budget),Budget
Infinix,Note 8i 128GB,210g,6GB,8MP,48MP,MediaTek Helio G80,"5,200mAh",6.78 inches,"PKR 29,999","INR 12,999","CNY 1,199",USD 199,AED 749,2020,6.0,210.0,8.0,48.0,1,5200,6.78,12999.0,29999.0,1199.0,199.0,749.0,False,False,Helio G7-G8x (Budget),Budget
Infinix,Note 8 128GB,210g,6GB,16MP,64MP,MediaTek Helio G80,"5,200mAh",6.95 inches,"PKR 34,999","INR 15,999","CNY 1,499",USD 229,AED 899,2020,6.0,210.0,16.0,64.0,1,5200,6.95,15999.0,34999.0,1499.0,229.0,899.0,False,False,Helio G7-G8x (Budget),Mid-Range
Infinix,Zero 8i 128GB,210g,8GB,16MP,48MP,MediaTek Helio G90T,"4,500mAh",6.85 inches,"PKR 39,999","INR 17,999","CNY 1,599",USD 249,AED 999,2020,8.0,210.0,16.0,48.0,1,4500,6.85,17999.0,39999.0,1599.0,249.0,999.0,False,False,Helio G9x (Mid-Budget),Mid-Range
Infinix,Hot 10 128GB,204g,4GB,8MP,16MP,MediaTek Helio G70,"5,200mAh",6.78 inches,"PKR 24,999","INR 10,999",CNY 999,USD 159,AED 599,2020,4.0,204.0,8.0,16.0,1,5200,6.78,10999.0,24999.0,999.0,159.0,599.0,False,False,Helio G7-G8x (Budget),Budget
Infinix,Zero 8 128GB,205g,8GB,48MP,64MP,MediaTek Helio G90T,"4,500mAh",6.85 inches,"PKR 44,999","INR 19,999","CNY 1,799",USD 279,"AED 1,099",2020,8.0,205.0,48.0,64.0,1,4500,6.85,19999.0,44999.0,1799.0,279.0,1099.0,False,False,Helio G9x (Mid-Budget),Mid-Range
Infinix,Smart 5 64GB,195g,3GB,8MP,13MP,MediaTek Helio A20,"5,000mAh",6.6 inches,"PKR 18,999","INR 7,499",CNY 599,USD 99,AED 349,2020,3.0,195.0,8.0,13.0,1,5000,6.6,7499.0,18999.0,599.0,99.0,349.0,False,False,Helio P/A (Budget),Budget
Honor,9X Lite,175g,4GB,8MP,48MP,Kirin 710F,"3,750mAh",6.5 inches,"PKR 39,999","INR 15,999","CNY 1,499",USD 219,AED 799,2020,4.0,175.0,8.0,48.0,1,3750,6.5,15999.0,39999.0,1499.0,219.0,799.0,False,False,Kirin 7xx-8xx (Mid),Mid-Range
Honor,30,185g,8GB,32MP,40MP,Kirin 985 5G,"4,000mAh",6.53 inches,"PKR 74,999","INR 29,999","CNY 2,999",USD 449,"AED 1,599",2020,8.0,185.0,32.0,40.0,1,4000,6.53,29999.0,74999.0,2999.0,449.0,1599.0,False,False,Kirin 9xx (Flagship),Mid-Range
Honor,30 Pro,190g,8GB,32MP,50MP,Kirin 990 5G,"4,000mAh",6.57 inches,"PKR 94,999","INR 39,999","CNY 3,999",USD 599,"AED 2,199",2020,8.0,190.0,32.0,50.0,1,4000,6.57,39999.0,94999.0,3999.0,599.0,2199.0,False,False,Kirin 9xx (Flagship),Upper Mid-Range
Honor,30 Pro+,192g,12GB,32MP,50MP,Kirin 990 5G,"4,000mAh",6.57 inches,"PKR 109,999","INR 45,999","CNY 4,499",USD 699,"AED 2,599",2020,12.0,192.0,32.0,50.0,1,4000,6.57,45999.0,109999.0,4499.0,699.0,2599.0,False,False,Kirin 9xx (Flagship),Upper Mid-Range
Honor,30S,190g,6GB,16MP,64MP,Kirin 820 5G,"4,000mAh",6.5 inches,"PKR 54,999","INR 22,999","CNY 2,299",USD 349,"AED 1,299",2020,6.0,190.0,16.0,64.0,1,4000,6.5,22999.0,54999.0,2299.0,349.0,1299.0,False,False,Kirin 7xx-8xx (Mid),Mid-Range
Honor,X10,203g,6GB,16MP,40MP,Kirin 820 5G,"4,300mAh",6.63 inches,"PKR 48,999","INR 19,999","CNY 2,099",USD 319,"AED 1,149",2020,6.0,203.0,16.0,40.0,1,4300,6.63,19999.0,48999.0,2099.0,319.0,1149.0,False,False,Kirin 7xx-8xx (Mid),Mid-Range
Honor,X10 Max,227g,8GB,8MP,48MP,MediaTek Dimensity 800,"5,000mAh",7.09 inches,"PKR 64,999","INR 25,999","CNY 2,499",USD 379,"AED 1,399",2020,8.0,227.0,8.0,48.0,1,5000,7.09,25999.0,64999.0,2499.0,379.0,1399.0,False,False,Dimensity 8xxx (Upper-Mid),Mid-Range
Honor,Play 4,213g,6GB,16MP,64MP,MediaTek Dimensity 800,"4,300mAh",6.81 inches,"PKR 49,999","INR 21,999","CNY 2,299",USD 349,"AED 1,249",2020,6.0,213.0,16.0,64.0,1,4300,6.81,21999.0,49999.0,2299.0,349.0,1249.0,False,False,Dimensity 8xxx (Upper-Mid),Mid-Range
Honor,Play 4 Pro,213g,8GB,32MP,40MP,Kirin 990 5G,"4,200mAh",6.57 inches,"PKR 74,999","INR 29,999","CNY 3,499",USD 549,"AED 1,999",2020,8.0,213.0,32.0,40.0,1,4200,6.57,29999.0,74999.0,3499.0,549.0,1999.0,False,False,Kirin 9xx (Flagship),Mid-Range
Honor,10X Lite,206g,4GB,8MP,48MP,Kirin 710A,"5,000mAh",6.67 inches,"PKR 34,999","INR 13,999","CNY 1,499",USD 229,AED 849,2020,4.0,206.0,8.0,48.0,1,5000,6.67,13999.0,34999.0,1499.0,229.0,849.0,False,False,Kirin 7xx-8xx (Mid),Budget
Honor,V40,189g,8GB,16MP,50MP,MediaTek Dimensity 1000+,"4,000mAh",6.72 inches,"PKR 89,999","INR 37,999","CNY 3,999",USD 599,"AED 2,199",2021,8.0,189.0,16.0,50.0,1,4000,6.72,37999.0,89999.0,3999.0,599.0,2199.0,False,False,Dimensity 6xx-1xxx (Entry-Mid),Upper Mid-Range
Honor,50,175g,8GB,32MP,108MP,Qualcomm Snapdragon 778G,"4,300mAh",6.57 inches,"PKR 89,999","INR 37,999","CNY 2,699",USD 549,"AED 2,049",2021,8.0,175.0,32.0,108.0,1,4300,6.57,37999.0,89999.0,2699.0,549.0,2049.0,False,False,Snapdragon 7 (Upper-Mid),Upper Mid-Range
Honor,50 Pro,187g,8GB,32MP,108MP,Qualcomm Snapdragon 778G,"4,000mAh",6.72 inches,"PKR 109,999","INR 44,999","CNY 3,699",USD 649,"AED 2,499",2021,8.0,187.0,32.0,108.0,1,4000,6.72,44999.0,109999.0,3699.0,649.0,2499.0,False,False,Snapdragon 7 (Upper-Mid),Upper Mid-Range
Honor,50 SE,191g,8GB,16MP,108MP,MediaTek Dimensity 900,"4,000mAh",6.78 inches,"PKR 74,999","INR 29,999","CNY 2,399",USD 449,"AED 1,699",2021,8.0,191.0,16.0,108.0,1,4000,6.78,29999.0,74999.0,2399.0,449.0,1699.0,False,False,Dimensity 9xxx (Flagship),Mid-Range
Honor,X20,192g,6GB,16MP,64MP,MediaTek Dimensity 900,"4,300mAh",6.67 inches,"PKR 64,999","INR 25,999","CNY 2,299",USD 379,"AED 1,399",2021,6.0,192.0,16.0,64.0,1,4300,6.67,25999.0,64999.0,2299.0,379.0,1399.0,False,False,Dimensity 9xxx (Flagship),Mid-Range
Honor,X20 SE,179g,6GB,16MP,64MP,MediaTek Dimensity 700,"4,000mAh",6.6 inches,"PKR 54,999","INR 22,999","CNY 1,799",USD 299,"AED 1,199",2021,6.0,179.0,16.0,64.0,1,4000,6.6,22999.0,54999.0,1799.0,299.0,1199.0,False,False,Dimensity 7xxx (Mid),Mid-Range
Honor,Play 5,179g,8GB,16MP,64MP,MediaTek Dimensity 800U,"3,800mAh",6.53 inches,"PKR 49,999","INR 19,999","CNY 2,099",USD 319,"AED 1,149",2021,8.0,179.0,16.0,64.0,1,3800,6.53,19999.0,49999.0,2099.0,319.0,1149.0,False,False,Dimensity 8xxx (Upper-Mid),Mid-Range
Honor,Play 5T,191g,6GB,8MP,13MP,Unisoc T610,"5,000mAh",6.5 inches,"PKR 34,999","INR 14,999","CNY 1,499",USD 219,AED 799,2021,6.0,191.0,8.0,13.0,1,5000,6.5,14999.0,34999.0,1499.0,219.0,799.0,False,False,Unisoc (Budget),Budget
Honor,Magic3,202g,8GB,13MP,50MP,Qualcomm Snapdragon 888,"4,600mAh",6.76 inches,"PKR 159,999","INR 64,999","CNY 4,599",USD 899,"AED 3,299",2021,8.0,202.0,13.0,50.0,1,4600,6.76,64999.0,159999.0,4599.0,899.0,3299.0,False,False,Snapdragon 8 (Flagship),Premium
Honor,Magic3 Pro,213g,8GB,13MP,50MP,Qualcomm Snapdragon 888+,"4,600mAh",6.76 inches,"PKR 189,999","INR 74,999","CNY 5,499","USD 1,099","AED 3,999",2021,8.0,213.0,13.0,50.0,1,4600,6.76,74999.0,189999.0,5499.0,1099.0,3999.0,False,False,Snapdragon 8 (Flagship),Premium
Honor,Magic3 Pro+,236g,12GB,13MP,50MP,Qualcomm Snapdragon 888+,"4,600mAh",6.76 inches,"PKR 219,999","INR 84,999","CNY 6,499","USD 1,299","AED 4,599",2021,12.0,236.0,13.0,50.0,1,4600,6.76,84999.0,219999.0,6499.0,1299.0,4599.0,False,False,Snapdragon 8 (Flagship),Premium
Honor,60,179g,8GB,32MP,108MP,Qualcomm Snapdragon 778G,"4,800mAh",6.67 inches,"PKR 99,999","INR 41,999","CNY 2,699",USD 549,"AED 2,049",2021,8.0,179.0,32.0,108.0,1,4800,6.67,41999.0,99999.0,2699.0,549.0,2049.0,False,False,Snapdragon 7 (Upper-Mid),Upper Mid-Range
Honor,60 Pro,192g,8GB,50MP,108MP,Qualcomm Snapdragon 778G+,"4,800mAh",6.78 inches,"PKR 124,999","INR 49,999","CNY 3,699",USD 649,"AED 2,599",2021,8.0,192.0,50.0,108.0,1,4800,6.78,49999.0,124999.0,3699.0,649.0,2599.0,False,False,Snapdragon 7 (Upper-Mid),Upper Mid-Range
Honor,60 SE,191g,8GB,16MP,64MP,MediaTek Dimensity 900,"4,300mAh",6.67 inches,"PKR 74,999","INR 29,999","CNY 2,399",USD 449,"AED 1,699",2021,8.0,191.0,16.0,64.0,1,4300,6.67,29999.0,74999.0,2399.0,449.0,1699.0,False,False,Dimensity 9xxx (Flagship),Mid-Range
Honor,X30,189g,6GB,16MP,48MP,Qualcomm Snapdragon 695,"4,800mAh",6.81 inches,"PKR 69,999","INR 27,999","CNY 2,099",USD 379,"AED 1,299",2021,6.0,189.0,16.0,48.0,1,4800,6.81,27999.0,69999.0,2099.0,379.0,1299.0,False,False,Snapdragon 6 (Mid),Mid-Range
Honor,X30i,175g,6GB,16MP,48MP,MediaTek Dimensity 810,"4,000mAh",6.7 inches,"PKR 54,999","INR 22,999","CNY 1,799",USD 299,"AED 1,099",2021,6.0,175.0,16.0,48.0,1,4000,6.7,22999.0,54999.0,1799.0,299.0,1099.0,False,False,Dimensity 8xxx (Upper-Mid),Mid-Range
Honor,X30 Max,228g,8GB,8MP,64MP,MediaTek Dimensity 900,"5,000mAh",7.09 inches,"PKR 89,999","INR 35,999","CNY 2,399",USD 499,"AED 1,899",2021,8.0,228.0,8.0,64.0,1,5000,7.09,35999.0,89999.0,2399.0,499.0,1899.0,False,False,Dimensity 9xxx (Flagship),Upper Mid-Range
Honor,Play 6,190g,6GB,5MP,13MP,MediaTek MT6762G Helio G25,"5,000mAh",6.52 inches,"PKR 29,999","INR 12,999","CNY 1,199",USD 179,AED 699,2022,6.0,190.0,5.0,13.0,1,5000,6.52,12999.0,29999.0,1199.0,179.0,699.0,False,False,Helio G (Budget),Budget
Honor,Play 6T,198g,6GB,5MP,13MP,MediaTek Dimensity 700,"5,000mAh",6.74 inches,"PKR 39,999","INR 16,999","CNY 1,499",USD 229,AED 799,2022,6.0,198.0,5.0,13.0,1,5000,6.74,16999.0,39999.0,1499.0,229.0,799.0,False,False,Dimensity 7xxx (Mid),Mid-Range
Honor,Magic4,199g,8GB,12MP,50MP,Qualcomm Snapdragon 8 Gen 1,"4,800mAh",6.81 inches,"PKR 179,999","INR 72,999","CNY 4,699",USD 899,"AED 3,299",2022,8.0,199.0,12.0,50.0,1,4800,6.81,72999.0,179999.0,4699.0,899.0,3299.0,False,False,Snapdragon 8 (Flagship),Premium
Honor,Magic4 Pro,215g,8GB,12MP,50MP,Qualcomm Snapdragon 8 Gen 1,"4,600mAh",6.81 inches,"PKR 209,999","INR 84,999","CNY 5,499","USD 1,099","AED 3,999",2022,8.0,215.0,12.0,50.0,1,4600,6.81,84999.0,209999.0,5499.0,1099.0,3999.0,False,False,Snapdragon 8 (Flagship),Premium
Honor,Magic4 Ultimate,242g,12GB,12MP,50MP,Qualcomm Snapdragon 8 Gen 1,"4,600mAh",6.81 inches,"PKR 249,999","INR 99,999","CNY 6,799","USD 1,299","AED 4,599",2022,12.0,242.0,12.0,50.0,1,4600,6.81,99999.0,249999.0,6799.0,1299.0,4599.0,False,False,Snapdragon 8 (Flagship),Premium
Honor,Magic V,288g,12GB,42MP,50MP,Qualcomm Snapdragon 8 Gen 1,"4,750mAh",7.9 inches,"PKR 349,999","INR 149,999","CNY 9,999","USD 1,799","AED 6,599",2022,12.0,288.0,42.0,50.0,1,4750,7.9,149999.0,349999.0,9999.0,1799.0,6599.0,False,True,Snapdragon 8 (Flagship),Ultra Premium
Honor,70,178g,8GB,32MP,54MP,Qualcomm Snapdragon 778G+,"4,800mAh",6.67 inches,"PKR 119,999","INR 46,999","CNY 2,699",USD 549,"AED 2,099",2022,8.0,178.0,32.0,54.0,1,4800,6.67,46999.0,119999.0,2699.0,549.0,2099.0,False,False,Snapdragon 7 (Upper-Mid),Upper Mid-Range
Honor,70 Pro,192g,8GB,50MP,54MP,MediaTek Dimensity 8000,"4,500mAh",6.78 inches,"PKR 149,999","INR 59,999","CNY 3,699",USD 699,"AED 2,699",2022,8.0,192.0,50.0,54.0,1,4500,6.78,59999.0,149999.0,3699.0,699.0,2699.0,False,False,Dimensity 8xxx (Upper-Mid),Upper Mid-Range
Honor,70 Pro+,209g,12GB,50MP,54MP,MediaTek Dimensity 9000,"4,500mAh",6.78 inches,"PKR 179,999","INR 69,999","CNY 4,299",USD 799,"AED 3,199",2022,12.0,209.0,50.0,54.0,1,4500,6.78,69999.0,179999.0,4299.0,799.0,3199.0,False,False,Dimensity 9xxx (Flagship),Premium
Honor,X40,172g,6GB,8MP,50MP,Qualcomm Snapdragon 695,"5,100mAh",6.67 inches,"PKR 64,999","INR 26,999","CNY 1,499",USD 299,"AED 1,099",2022,6.0,172.0,8.0,50.0,1,5100,6.67,26999.0,64999.0,1499.0,299.0,1099.0,False,False,Snapdragon 6 (Mid),Mid-Range
Honor,X40i,175g,6GB,8MP,50MP,MediaTek Dimensity 700,"4,000mAh",6.7 inches,"PKR 49,999","INR 22,999","CNY 1,799",USD 279,AED 999,2022,6.0,175.0,8.0,50.0,1,4000,6.7,22999.0,49999.0,1799.0,279.0,999.0,False,False,Dimensity 7xxx (Mid),Mid-Range
Honor,Play 7,196g,4GB,5MP,13MP,MediaTek Helio G37,"5,200mAh",6.74 inches,"PKR 29,999","INR 12,499","CNY 1,099",USD 159,AED 599,2023,4.0,196.0,5.0,13.0,1,5200,6.74,12499.0,29999.0,1099.0,159.0,599.0,False,False,Helio G (Budget),Budget
Honor,Play 7T,199g,6GB,5MP,13MP,MediaTek Dimensity 6020,"5,200mAh",6.74 inches,"PKR 34,999","INR 14,999","CNY 1,299",USD 199,AED 749,2023,6.0,199.0,5.0,13.0,1,5200,6.74,14999.0,34999.0,1299.0,199.0,749.0,False,False,Dimensity 6xx-1xxx (Entry-Mid),Budget
Honor,Magic5,204g,8GB,12MP,50MP,Qualcomm Snapdragon 8 Gen 2,"5,100mAh",6.81 inches,"PKR 199,999","INR 79,999","CNY 4,999",USD 999,"AED 3,599",2023,8.0,204.0,12.0,50.0,1,5100,6.81,79999.0,199999.0,4999.0,999.0,3599.0,False,False,Snapdragon 8 (Flagship),Premium
Honor,Magic5 Pro,219g,12GB,12MP,50MP,Qualcomm Snapdragon 8 Gen 2,"5,100mAh",6.81 inches,"PKR 249,999","INR 99,999","CNY 6,199","USD 1,199","AED 4,399",2023,12.0,219.0,12.0,50.0,1,5100,6.81,99999.0,249999.0,6199.0,1199.0,4399.0,False,False,Snapdragon 8 (Flagship),Premium
Honor,Magic5 Ultimate,234g,16GB,12MP,50MP,Qualcomm Snapdragon 8 Gen 2,"5,450mAh",6.81 inches,"PKR 299,999","INR 119,999","CNY 7,499","USD 1,399","AED 5,199",2023,16.0,234.0,12.0,50.0,1,5450,6.81,119999.0,299999.0,7499.0,1399.0,5199.0,False,False,Snapdragon 8 (Flagship),Ultra Premium
Honor,Magic Vs,267g,12GB,16MP,50MP,Qualcomm Snapdragon 8+ Gen 1,"5,000mAh",7.9 inches,"PKR 369,999","INR 149,999","CNY 9,999","USD 1,699","AED 6,199",2023,12.0,267.0,16.0,50.0,1,5000,7.9,149999.0,369999.0,9999.0,1699.0,6199.0,False,True,Snapdragon 8 (Flagship),Ultra Premium
Honor,80,180g,8GB,32MP,160MP,Qualcomm Snapdragon 782G,"4,800mAh",6.67 inches,"PKR 119,999","INR 46,999","CNY 2,699",USD 549,"AED 2,099",2022,8.0,180.0,32.0,160.0,1,4800,6.67,46999.0,119999.0,2699.0,549.0,2099.0,False,False,Snapdragon 7 (Upper-Mid),Upper Mid-Range
Honor,80 Pro,193g,12GB,50MP,160MP,Qualcomm Snapdragon 8+ Gen 1,"4,800mAh",6.78 inches,"PKR 169,999","INR 69,999","CNY 4,199",USD 799,"AED 3,099",2022,12.0,193.0,50.0,160.0,1,4800,6.78,69999.0,169999.0,4199.0,799.0,3099.0,False,False,Snapdragon 8 (Flagship),Premium
Honor,80 SE,175g,8GB,32MP,64MP,MediaTek Dimensity 900,"4,600mAh",6.67 inches,"PKR 84,999","INR 34,999","CNY 1,999",USD 399,"AED 1,599",2022,8.0,175.0,32.0,64.0,1,4600,6.67,34999.0,84999.0,1999.0,399.0,1599.0,False,False,Dimensity 9xxx (Flagship),Upper Mid-Range
Honor,X50,185g,6GB,8MP,108MP,Qualcomm Snapdragon 6 Gen 1,"5,800mAh",6.78 inches,"PKR 74,999","INR 28,999","CNY 1,599",USD 299,"AED 1,099",2023,6.0,185.0,8.0,108.0,1,5800,6.78,28999.0,74999.0,1599.0,299.0,1099.0,False,False,Snapdragon 6 (Mid),Mid-Range
Honor,X50i,179g,6GB,8MP,100MP,MediaTek Dimensity 6020,"4,500mAh",6.7 inches,"PKR 54,999","INR 21,999","CNY 1,399",USD 249,AED 899,2023,6.0,179.0,8.0,100.0,1,4500,6.7,21999.0,54999.0,1399.0,249.0,899.0,False,False,Dimensity 6xx-1xxx (Entry-Mid),Mid-Range
Honor,Play 8,191g,4GB,5MP,13MP,MediaTek Helio G36,"5,000mAh",6.52 inches,"PKR 27,999","INR 11,499",CNY 999,USD 149,AED 549,2023,4.0,191.0,5.0,13.0,1,5000,6.52,11499.0,27999.0,999.0,149.0,549.0,False,False,Helio G (Budget),Budget
Honor,Play 8T,195g,6GB,5MP,50MP,MediaTek Dimensity 6100+,"5,200mAh",6.74 inches,"PKR 32,999","INR 13,999","CNY 1,199",USD 189,AED 699,2023,6.0,195.0,5.0,50.0,1,5200,6.74,13999.0,32999.0,1199.0,189.0,699.0,False,False,Dimensity 6xx-1xxx (Entry-Mid),Budget
Honor,Magic6,203g,8GB,12MP,50MP,Qualcomm Snapdragon 8 Gen 3,"5,200mAh",6.81 inches,"PKR 219,999","INR 89,999","CNY 5,499","USD 1,099","AED 3,999",2024,8.0,203.0,12.0,50.0,1,5200,6.81,89999.0,219999.0,5499.0,1099.0,3999.0,False,False,Snapdragon 8 (Flagship),Premium
Honor,Magic6 Pro,219g,12GB,12MP,50MP,Qualcomm Snapdragon 8 Gen 3,"5,500mAh",6.81 inches,"PKR 269,999","INR 109,999","CNY 6,999","USD 1,299","AED 4,699",2024,12.0,219.0,12.0,50.0,1,5500,6.81,109999.0,269999.0,6999.0,1299.0,4699.0,False,False,Snapdragon 8 (Flagship),Ultra Premium
Honor,Magic6 Ultimate,234g,16GB,12MP,50MP,Qualcomm Snapdragon 8 Gen 3,"5,550mAh",6.81 inches,"PKR 319,999","INR 129,999","CNY 8,199","USD 1,499","AED 5,499",2024,16.0,234.0,12.0,50.0,1,5550,6.81,129999.0,319999.0,8199.0,1499.0,5499.0,False,False,Snapdragon 8 (Flagship),Ultra Premium
Honor,Magic V2,231g,12GB,16MP,50MP,Qualcomm Snapdragon 8 Gen 2,"5,000mAh",7.92 inches,"PKR 389,999","INR 159,999","CNY 10,999","USD 1,899","AED 6,999",2024,12.0,231.0,16.0,50.0,1,5000,7.92,159999.0,389999.0,10999.0,1899.0,6999.0,False,True,Snapdragon 8 (Flagship),Ultra Premium
Honor,90,183g,12GB,50MP,200MP,Qualcomm Snapdragon 7 Gen 1,"5,000mAh",6.7 inches,"PKR 139,999","INR 54,999","CNY 2,999",USD 599,"AED 2,199",2023,12.0,183.0,50.0,200.0,1,5000,6.7,54999.0,139999.0,2999.0,599.0,2199.0,False,False,Snapdragon 7 (Upper-Mid),Upper Mid-Range
Honor,90 Pro,192g,12GB,50MP,200MP,Qualcomm Snapdragon 8+ Gen 1,"5,000mAh",6.78 inches,"PKR 169,999","INR 64,999","CNY 3,999",USD 699,"AED 2,799",2023,12.0,192.0,50.0,200.0,1,5000,6.78,64999.0,169999.0,3999.0,699.0,2799.0,False,False,Snapdragon 8 (Flagship),Premium
Honor,90 SE,175g,8GB,32MP,64MP,MediaTek Dimensity 900,"4,600mAh",6.67 inches,"PKR 84,999","INR 34,999","CNY 1,999",USD 399,"AED 1,599",2023,8.0,175.0,32.0,64.0,1,4600,6.67,34999.0,84999.0,1999.0,399.0,1599.0,False,False,Dimensity 9xxx (Flagship),Upper Mid-Range
Honor,X60,185g,6GB,8MP,108MP,Qualcomm Snapdragon 6 Gen 1,"5,800mAh",6.78 inches,"PKR 74,999","INR 28,999","CNY 1,599",USD 299,"AED 1,099",2023,6.0,185.0,8.0,108.0,1,5800,6.78,28999.0,74999.0,1599.0,299.0,1099.0,False,False,Snapdragon 6 (Mid),Mid-Range
Honor,X60i,179g,6GB,8MP,100MP,MediaTek Dimensity 6020,"4,500mAh",6.7 inches,"PKR 54,999","INR 21,999","CNY 1,399",USD 249,AED 899,2023,6.0,179.0,8.0,100.0,1,4500,6.7,21999.0,54999.0,1399.0,249.0,899.0,False,False,Dimensity 6xx-1xxx (Entry-Mid),Mid-Range
Honor,Play 9,191g,4GB,5MP,13MP,MediaTek Helio G36,"5,000mAh",6.52 inches,"PKR 27,999","INR 11,499",CNY 999,USD 149,AED 549,2023,4.0,191.0,5.0,13.0,1,5000,6.52,11499.0,27999.0,999.0,149.0,549.0,False,False,Helio G (Budget),Budget
Honor,Play 9T,195g,6GB,5MP,50MP,MediaTek Dimensity 6100+,"5,200mAh",6.74 inches,"PKR 32,999","INR 13,999","CNY 1,199",USD 189,AED 699,2023,6.0,195.0,5.0,50.0,1,5200,6.74,13999.0,32999.0,1199.0,189.0,699.0,False,False,Dimensity 6xx-1xxx (Entry-Mid),Budget
Honor,Magic7,203g,8GB,12MP,50MP,Qualcomm Snapdragon 8 Gen 3,"5,200mAh",6.81 inches,"PKR 219,999","INR 89,999","CNY 5,499","USD 1,099","AED 3,999",2024,8.0,203.0,12.0,50.0,1,5200,6.81,89999.0,219999.0,5499.0,1099.0,3999.0,False,False,Snapdragon 8 (Flagship),Premium
Honor,Magic7 Pro,219g,12GB,12MP,50MP,Qualcomm Snapdragon 8 Gen 3,"5,500mAh",6.81 inches,"PKR 269,999","INR 109,999","CNY 6,999","USD 1,299","AED 4,699",2024,12.0,219.0,12.0,50.0,1,5500,6.81,109999.0,269999.0,6999.0,1299.0,4699.0,False,False,Snapdragon 8 (Flagship),Ultra Premium
Honor,Magic7 Ultimate,234g,16GB,12MP,50MP,Qualcomm Snapdragon 8 Gen 3,"5,550mAh",6.81 inches,"PKR 319,999","INR 129,999","CNY 8,199","USD 1,499","AED 5,499",2024,16.0,234.0,12.0,50.0,1,5550,6.81,129999.0,319999.0,8199.0,1499.0,5499.0,False,False,Snapdragon 8 (Flagship),Ultra Premium
Honor,Magic V3,231g,12GB,16MP,50MP,Qualcomm Snapdragon 8 Gen 2,"5,000mAh",7.92 inches,"PKR 389,999","INR 159,999","CNY 10,999","USD 1,899","AED 6,999",2024,12.0,231.0,16.0,50.0,1,5000,7.92,159999.0,389999.0,10999.0,1899.0,6999.0,False,True,Snapdragon 8 (Flagship),Ultra Premium
Honor,Pad 6,460g,4GB,2MP,5MP,Qualcomm Snapdragon 662,"5,100mAh",10.1 inches,"PKR 49,999","INR 17,999","CNY 1,299",USD 199,AED 749,2020,4.0,460.0,2.0,5.0,1,5100,10.1,17999.0,49999.0,1299.0,199.0,749.0,True,False,Snapdragon 6 (Mid),Mid-Range
Honor,Pad X6,460g,3GB,2MP,5MP,MediaTek MT8768T,"5,100mAh",9.7 inches,"PKR 39,999","INR 14,999",CNY 999,USD 159,AED 599,2020,3.0,460.0,2.0,5.0,1,5100,9.7,14999.0,39999.0,999.0,159.0,599.0,True,False,MediaTek MT (Budget),Budget
Honor,Pad 7,460g,4GB,2MP,5MP,MediaTek Helio G80,"5,100mAh",10.1 inches,"PKR 54,999","INR 19,999","CNY 1,399",USD 229,AED 849,2021,4.0,460.0,2.0,5.0,1,5100,10.1,19999.0,54999.0,1399.0,229.0,849.0,True,False,Helio G7-G8x (Budget),Mid-Range
Honor,Tablet V7,480g,6GB,8MP,13MP,MediaTek Dimensity 800,"7,250mAh",10.4 inches,"PKR 84,999","INR 34,999","CNY 2,199",USD 399,"AED 1,499",2021,6.0,480.0,8.0,13.0,1,7250,10.4,34999.0,84999.0,2199.0,399.0,1499.0,True,False,Dimensity 8xxx (Upper-Mid),Upper Mid-Range
Honor,Tablet V7 Pro,485g,8GB,8MP,13MP,MediaTek Dimensity 1300T,"7,250mAh",11.0 inches,"PKR 109,999","INR 44,999","CNY 2,899",USD 499,"AED 1,799",2021,8.0,485.0,8.0,13.0,1,7250,11.0,44999.0,109999.0,2899.0,499.0,1799.0,True,False,Dimensity 6xx-1xxx (Entry-Mid),Upper Mid-Range
Honor,Pad 8,520g,6GB,5MP,5MP,Qualcomm Snapdragon 680,"7,250mAh",12.0 inches,"PKR 69,999","INR 24,999","CNY 1,599",USD 299,"AED 1,099",2022,6.0,520.0,5.0,5.0,1,7250,12.0,24999.0,69999.0,1599.0,299.0,1099.0,True,False,Snapdragon 6 (Mid),Mid-Range
Honor,Pad X8,460g,4GB,2MP,5MP,MediaTek Helio G80,"5,100mAh",10.1 inches,"PKR 44,999","INR 16,999","CNY 1,199",USD 189,AED 699,2022,4.0,460.0,2.0,5.0,1,5100,10.1,16999.0,44999.0,1199.0,189.0,699.0,True,False,Helio G7-G8x (Budget),Mid-Range
Honor,Pad X8 Lite,450g,3GB,2MP,5MP,MediaTek MT8786,"5,000mAh",9.7 inches,"PKR 34,999","INR 12,999",CNY 999,USD 149,AED 549,2022,3.0,450.0,2.0,5.0,1,5000,9.7,12999.0,34999.0,999.0,149.0,549.0,True,False,MediaTek MT (Budget),Budget
Honor,Pad V8,510g,6GB,5MP,13MP,MediaTek Dimensity 8020,"7,250mAh",11.0 inches,"PKR 94,999","INR 39,999","CNY 2,499",USD 449,"AED 1,599",2023,6.0,510.0,5.0,13.0,1,7250,11.0,39999.0,94999.0,2499.0,449.0,1599.0,True,False,Dimensity 8xxx (Upper-Mid),Upper Mid-Range
Honor,Pad V8 Pro,530g,8GB,8MP,13MP,MediaTek Dimensity 9000,"8,500mAh",12.1 inches,"PKR 129,999","INR 54,999","CNY 3,599",USD 649,"AED 2,299",2023,8.0,530.0,8.0,13.0,1,8500,12.1,54999.0,129999.0,3599.0,649.0,2299.0,True,False,Dimensity 9xxx (Flagship),Upper Mid-Range
Honor,Pad 9,550g,8GB,8MP,13MP,Qualcomm Snapdragon 6 Gen 1,"8,300mAh",12.1 inches,"PKR 84,999","INR 34,999","CNY 2,299",USD 399,"AED 1,499",2024,8.0,550.0,8.0,13.0,1,8300,12.1,34999.0,84999.0,2299.0,399.0,1499.0,True,False,Snapdragon 6 (Mid),Upper Mid-Range
Honor,Pad 9 Pro,560g,12GB,8MP,13MP,MediaTek Dimensity 8100,"9,000mAh",12.6 inches,"PKR 109,999","INR 44,999","CNY 2,999",USD 499,"AED 1,799",2024,12.0,560.0,8.0,13.0,1,9000,12.6,44999.0,109999.0,2999.0,499.0,1799.0,True,False,Dimensity 8xxx (Upper-Mid),Upper Mid-Range
Honor,Pad X9,495g,6GB,5MP,8MP,Qualcomm Snapdragon 685,"7,250mAh",11.5 inches,"PKR 59,999","INR 22,999","CNY 1,599",USD 299,"AED 1,099",2023,6.0,495.0,5.0,8.0,1,7250,11.5,22999.0,59999.0,1599.0,299.0,1099.0,True,False,Snapdragon 6 (Mid),Mid-Range
Honor,Pad X8 Pro,460g,4GB,2MP,5MP,MediaTek Helio G80,"5,100mAh",10.1 inches,"PKR 44,999","INR 16,999","CNY 1,199",USD 189,AED 699,2023,4.0,460.0,2.0,5.0,1,5100,10.1,16999.0,44999.0,1199.0,189.0,699.0,True,False,Helio G7-G8x (Budget),Mid-Range
Honor,MagicPad 13,590g,12GB,8MP,13MP,Qualcomm Snapdragon 8+ Gen 1,"10,000mAh",13.0 inches,"PKR 149,999","INR 64,999","CNY 3,999",USD 799,"AED 2,999",2023,12.0,590.0,8.0,13.0,1,10000,13.0,64999.0,149999.0,3999.0,799.0,2999.0,True,False,Snapdragon 8 (Flagship),Premium
Honor,MagicPad 2,580g,16GB,12MP,16MP,Qualcomm Snapdragon 8 Gen 2,"10,500mAh",13.2 inches,"PKR 179,999","INR 74,999","CNY 4,499",USD 899,"AED 3,299",2024,16.0,580.0,12.0,16.0,1,10500,13.2,74999.0,179999.0,4499.0,899.0,3299.0,True,False,Snapdragon 8 (Flagship),Premium
Honor,Pad X8a,450g,4GB,2MP,5MP,MediaTek MT8786,"5,000mAh",9.7 inches,"PKR 34,999","INR 12,999",CNY 999,USD 149,AED 549,2023,4.0,450.0,2.0,5.0,1,5000,9.7,12999.0,34999.0,999.0,149.0,549.0,True,False,MediaTek MT (Budget),Budget
Honor,Pad X8a Kids Edition,460g,3GB,2MP,5MP,MediaTek MT8786,"5,100mAh",9.7 inches,"PKR 29,999","INR 10,999",CNY 799,USD 129,AED 499,2023,3.0,460.0,2.0,5.0,1,5100,9.7,10999.0,29999.0,799.0,129.0,499.0,True,False,MediaTek MT (Budget),Budget
Honor,Pad X9 Pro,505g,8GB,8MP,13MP,Qualcomm Snapdragon 7s Gen 2,"8,000mAh",11.6 inches,"PKR 79,999","INR 29,999","CNY 2,199",USD 399,"AED 1,499",2024,8.0,505.0,8.0,13.0,1,8000,11.6,29999.0,79999.0,2199.0,399.0,1499.0,True,False,Snapdragon 7 (Upper-Mid),Mid-Range
Honor,Pad V9,530g,8GB,8MP,13MP,MediaTek Dimensity 9000,"8,500mAh",12.1 inches,"PKR 129,999","INR 54,999","CNY 3,599",USD 649,"AED 2,299",2024,8.0,530.0,8.0,13.0,1,8500,12.1,54999.0,129999.0,3599.0,649.0,2299.0,True,False,Dimensity 9xxx (Flagship),Upper Mid-Range
Honor,Pad GT Pro,610g,12GB,12MP,16MP,Qualcomm Snapdragon 8 Gen 3,"10,500mAh",13.5 inches,"PKR 199,999","INR 84,999","CNY 4,999",USD 999,"AED 3,799",2024,12.0,610.0,12.0,16.0,1,10500,13.5,84999.0,199999.0,4999.0,999.0,3799.0,True,False,Snapdragon 8 (Flagship),Premium
Honor,Pad X10,475g,6GB,5MP,8MP,Qualcomm Snapdragon 685,"8,850mAh",12.1 inches,"PKR 74,999","INR 29,999","CNY 2,299",USD 399,"AED 1,499",2024,6.0,475.0,5.0,8.0,1,8850,12.1,29999.0,74999.0,2299.0,399.0,1499.0,True,False,Snapdragon 6 (Mid),Mid-Range
Honor,Pad X10 Pro,485g,8GB,8MP,13MP,Qualcomm Snapdragon 7s Gen 2,"9,000mAh",12.6 inches,"PKR 94,999","INR 39,999","CNY 2,999",USD 499,"AED 1,799",2024,8.0,485.0,8.0,13.0,1,9000,12.6,39999.0,94999.0,2999.0,499.0,1799.0,True,False,Snapdragon 7 (Upper-Mid),Upper Mid-Range
Honor,MagicPad 3,590g,12GB,12MP,16MP,Qualcomm Snapdragon 8 Gen 3,"10,500mAh",13.0 inches,"PKR 149,999","INR 64,999","CNY 3,999",USD 799,"AED 2,999",2024,12.0,590.0,12.0,16.0,1,10500,13.0,64999.0,149999.0,3999.0,799.0,2999.0,True,False,Snapdragon 8 (Flagship),Premium
Honor,Pad V10,530g,8GB,8MP,13MP,MediaTek Dimensity 9000,"8,500mAh",12.1 inches,"PKR 129,999","INR 54,999","CNY 3,599",USD 649,"AED 2,299",2024,8.0,530.0,8.0,13.0,1,8500,12.1,54999.0,129999.0,3599.0,649.0,2299.0,True,False,Dimensity 9xxx (Flagship),Upper Mid-Range
POCO,F2 Pro 128GB,219g,6GB,20MP,64MP,Snapdragon 865,4700mAh,6.67 inches,"PKR 99,999","INR 37,999","CNY 2,999",USD 499,"AED 1,999",2020,6.0,219.0,20.0,64.0,1,4700,6.67,37999.0,99999.0,2999.0,499.0,1999.0,False,False,Snapdragon 8 (Flagship),Upper Mid-Range
POCO,M2 Pro 64GB,209g,4GB,16MP,48MP,Snapdragon 720G,5000mAh,6.67 inches,"PKR 34,999","INR 13,999","CNY 1,399",USD 199,AED 799,2020,4.0,209.0,16.0,48.0,1,5000,6.67,13999.0,34999.0,1399.0,199.0,799.0,False,False,Snapdragon 7 (Upper-Mid),Budget
POCO,X3 NFC 128GB,215g,6GB,20MP,64MP,Snapdragon 732G,5160mAh,6.67 inches,"PKR 39,999","INR 16,999","CNY 1,599",USD 229,AED 899,2020,6.0,215.0,20.0,64.0,1,5160,6.67,16999.0,39999.0,1599.0,229.0,899.0,False,False,Snapdragon 7 (Upper-Mid),Mid-Range
POCO,M3 64GB,198g,4GB,8MP,48MP,Snapdragon 662,6000mAh,6.53 inches,"PKR 24,999","INR 10,999",CNY 999,USD 149,AED 599,2020,4.0,198.0,8.0,48.0,1,6000,6.53,10999.0,24999.0,999.0,149.0,599.0,False,False,Snapdragon 6 (Mid),Budget
POCO,F3 128GB,196g,6GB,20MP,48MP,Snapdragon 870,4520mAh,6.67 inches,"PKR 69,999","INR 29,999","CNY 2,499",USD 349,"AED 1,399",2021,6.0,196.0,20.0,48.0,1,4520,6.67,29999.0,69999.0,2499.0,349.0,1399.0,False,False,Snapdragon 8 (Flagship),Mid-Range
POCO,X3 Pro 128GB,215g,6GB,20MP,48MP,Snapdragon 860,5160mAh,6.67 inches,"PKR 49,999","INR 18,999","CNY 1,799",USD 249,AED 999,2021,6.0,215.0,20.0,48.0,1,5160,6.67,18999.0,49999.0,1799.0,249.0,999.0,False,False,Snapdragon 8 (Flagship),Mid-Range
POCO,M3 Pro 5G 64GB,190g,4GB,8MP,48MP,MediaTek Dimensity 700,5000mAh,6.5 inches,"PKR 29,999","INR 13,999","CNY 1,199",USD 199,AED 799,2021,4.0,190.0,8.0,48.0,1,5000,6.5,13999.0,29999.0,1199.0,199.0,799.0,False,False,Dimensity 7xxx (Mid),Budget
POCO,F3 GT 128GB,205g,6GB,16MP,64MP,MediaTek Dimensity 1200,5065mAh,6.67 inches,"PKR 79,999","INR 25,999","CNY 2,299",USD 399,"AED 1,499",2021,6.0,205.0,16.0,64.0,1,5065,6.67,25999.0,79999.0,2299.0,399.0,1499.0,False,False,Dimensity 6xx-1xxx (Entry-Mid),Mid-Range
POCO,X3 GT 128GB,193g,6GB,16MP,64MP,MediaTek Dimensity 1100,5000mAh,6.6 inches,"PKR 44,999","INR 21,999","CNY 1,899",USD 279,"AED 1,099",2021,6.0,193.0,16.0,64.0,1,5000,6.6,21999.0,44999.0,1899.0,279.0,1099.0,False,False,Dimensity 6xx-1xxx (Entry-Mid),Mid-Range
POCO,M4 Pro 5G 128GB,195g,4GB,16MP,50MP,MediaTek Dimensity 810,5000mAh,6.6 inches,"PKR 34,999","INR 14,999","CNY 1,499",USD 219,AED 849,2021,4.0,195.0,16.0,50.0,1,5000,6.6,14999.0,34999.0,1499.0,219.0,849.0,False,False,Dimensity 8xxx (Upper-Mid),Budget
POCO,F4 128GB,195g,6GB,20MP,64MP,Snapdragon 870,4500mAh,6.67 inches,"PKR 74,999","INR 27,999","CNY 2,399",USD 349,"AED 1,399",2022,6.0,195.0,20.0,64.0,1,4500,6.67,27999.0,74999.0,2399.0,349.0,1399.0,False,False,Snapdragon 8 (Flagship),Mid-Range
POCO,F4 GT 128GB,210g,8GB,20MP,64MP,Snapdragon 8 Gen 1,4700mAh,6.67 inches,"PKR 99,999","INR 39,999","CNY 3,299",USD 499,"AED 1,999",2022,8.0,210.0,20.0,64.0,1,4700,6.67,39999.0,99999.0,3299.0,499.0,1999.0,False,False,Snapdragon 8 (Flagship),Upper Mid-Range
POCO,X4 Pro 5G 128GB,205g,6GB,16MP,108MP,Snapdragon 695,5000mAh,6.67 inches,"PKR 54,999","INR 18,999","CNY 1,999",USD 299,"AED 1,199",2022,6.0,205.0,16.0,108.0,1,5000,6.67,18999.0,54999.0,1999.0,299.0,1199.0,False,False,Snapdragon 6 (Mid),Mid-Range
POCO,M4 Pro 128GB,179g,6GB,16MP,64MP,MediaTek Helio G96,5000mAh,6.43 inches,"PKR 39,999","INR 14,999","CNY 1,499",USD 219,AED 849,2022,6.0,179.0,16.0,64.0,1,5000,6.43,14999.0,39999.0,1499.0,219.0,849.0,False,False,Helio G9x (Mid-Budget),Budget
POCO,M5 128GB,201g,4GB,5MP,50MP,MediaTek Helio G99,5000mAh,6.58 inches,"PKR 29,999","INR 12,499","CNY 1,299",USD 199,AED 799,2022,4.0,201.0,5.0,50.0,1,5000,6.58,12499.0,29999.0,1299.0,199.0,799.0,False,False,Helio G9x (Mid-Budget),Budget
POCO,M5s 128GB,178.8g,4GB,13MP,64MP,MediaTek Helio G95,5000mAh,6.43 inches,"PKR 34,999","INR 13,999","CNY 1,399",USD 229,AED 899,2022,4.0,178.8,13.0,64.0,1,5000,6.43,13999.0,34999.0,1399.0,229.0,899.0,False,False,Helio G9x (Mid-Budget),Budget
POCO,F5 128GB,181g,6GB,16MP,64MP,Snapdragon 7+ Gen 2,5000mAh,6.67 inches,"PKR 79,999","INR 29,999","CNY 2,299",USD 349,"AED 1,299",2023,6.0,181.0,16.0,64.0,1,5000,6.67,29999.0,79999.0,2299.0,349.0,1299.0,False,False,Snapdragon 7 (Upper-Mid),Mid-Range
POCO,F5 Pro 256GB,204g,8GB,20MP,64MP,Snapdragon 8+ Gen 1,5160mAh,6.67 inches,"PKR 99,999","INR 39,999","CNY 3,299",USD 499,"AED 1,899",2023,8.0,204.0,20.0,64.0,1,5160,6.67,39999.0,99999.0,3299.0,499.0,1899.0,False,False,Snapdragon 8 (Flagship),Upper Mid-Range
POCO,X5 128GB,189g,6GB,13MP,48MP,Snapdragon 695,5000mAh,6.67 inches,"PKR 54,999","INR 18,999","CNY 1,799",USD 279,"AED 1,099",2023,6.0,189.0,13.0,48.0,1,5000,6.67,18999.0,54999.0,1799.0,279.0,1099.0,False,False,Snapdragon 6 (Mid),Mid-Range
POCO,X5 Pro 128GB,181g,6GB,16MP,108MP,Snapdragon 778G,5000mAh,6.67 inches,"PKR 64,999","INR 22,999","CNY 2,199",USD 329,"AED 1,199",2023,6.0,181.0,16.0,108.0,1,5000,6.67,22999.0,64999.0,2199.0,329.0,1199.0,False,False,Snapdragon 7 (Upper-Mid),Mid-Range
POCO,M6 64GB,199g,4GB,8MP,50MP,MediaTek Helio G88,5000mAh,6.58 inches,"PKR 29,999","INR 12,999","CNY 1,299",USD 199,AED 799,2023,4.0,199.0,8.0,50.0,1,5000,6.58,12999.0,29999.0,1299.0,199.0,799.0,False,False,Helio G7-G8x (Budget),Budget
POCO,M6 Pro 128GB,202g,6GB,8MP,50MP,Snapdragon 4 Gen 1,5000mAh,6.79 inches,"PKR 34,999","INR 14,999","CNY 1,499",USD 219,AED 849,2023,6.0,202.0,8.0,50.0,1,5000,6.79,14999.0,34999.0,1499.0,219.0,849.0,False,False,Snapdragon 4/5 (Entry-Mid),Budget
POCO,X6 128GB,193g,6GB,16MP,64MP,MediaTek Dimensity 8100,5000mAh,6.67 inches,"PKR 59,999","INR 21,999","CNY 2,299",USD 349,"AED 1,299",2024,6.0,193.0,16.0,64.0,1,5000,6.67,21999.0,59999.0,2299.0,349.0,1299.0,False,False,Dimensity 8xxx (Upper-Mid),Mid-Range
POCO,X6 Pro 256GB,205g,8GB,20MP,108MP,MediaTek Dimensity 8300,5000mAh,6.67 inches,"PKR 69,999","INR 24,999","CNY 2,599",USD 399,"AED 1,499",2024,8.0,205.0,20.0,108.0,1,5000,6.67,24999.0,69999.0,2599.0,399.0,1499.0,False,False,Dimensity 8xxx (Upper-Mid),Mid-Range
POCO,F6 128GB,190g,6GB,20MP,64MP,Snapdragon 8 Gen 2,5000mAh,6.67 inches,"PKR 89,999","INR 34,999","CNY 2,999",USD 449,"AED 1,699",2024,6.0,190.0,20.0,64.0,1,5000,6.67,34999.0,89999.0,2999.0,449.0,1699.0,False,False,Snapdragon 8 (Flagship),Upper Mid-Range
POCO,F6 Pro 256GB,210g,8GB,20MP,108MP,Snapdragon 8+ Gen 2,5160mAh,6.67 inches,"PKR 109,999","INR 44,999","CNY 3,499",USD 549,"AED 1,999",2024,8.0,210.0,20.0,108.0,1,5160,6.67,44999.0,109999.0,3499.0,549.0,1999.0,False,False,Snapdragon 8 (Flagship),Upper Mid-Range
POCO,C65 64GB,190g,4GB,5MP,50MP,MediaTek Helio G85,5000mAh,6.5 inches,"PKR 24,999","INR 10,999",CNY 999,USD 149,AED 599,2024,4.0,190.0,5.0,50.0,1,5000,6.5,10999.0,24999.0,999.0,149.0,599.0,False,False,Helio G7-G8x (Budget),Budget
POCO,X7 128GB,195g,6GB,16MP,64MP,MediaTek Dimensity 8200,5000mAh,6.67 inches,"PKR 64,999","INR 22,999","CNY 2,199",USD 329,"AED 1,199",2025,6.0,195.0,16.0,64.0,1,5000,6.67,22999.0,64999.0,2199.0,329.0,1199.0,False,False,Dimensity 8xxx (Upper-Mid),Mid-Range
POCO,X7 Pro 256GB,207g,8GB,20MP,108MP,MediaTek Dimensity 8400,6000mAh,6.67 inches,"PKR 79,999","INR 27,999","CNY 2,699",USD 399,"AED 1,499",2025,8.0,207.0,20.0,108.0,1,6000,6.67,27999.0,79999.0,2699.0,399.0,1499.0,False,False,Dimensity 8xxx (Upper-Mid),Mid-Range
POCO,M7 5G 128GB,198g,6GB,8MP,50MP,MediaTek Dimensity 7025,5110mAh,6.67 inches,"PKR 39,999","INR 15,999","CNY 1,599",USD 229,AED 899,2024,6.0,198.0,8.0,50.0,1,5110,6.67,15999.0,39999.0,1599.0,229.0,899.0,False,False,Dimensity 7xxx (Mid),Mid-Range
POCO,Pad 5G 128GB,571g,8GB,8MP,8MP,Snapdragon 7s Gen 2,"10,000mAh",12.1 inches,"PKR 66,220","INR 23,999","CNY 2,099",USD 280,"AED 1,029",2024,8.0,571.0,8.0,8.0,1,10000,12.1,23999.0,66220.0,2099.0,280.0,1029.0,True,False,Snapdragon 7 (Upper-Mid),Mid-Range
POCO,Pad 5G 256GB,571g,8GB,8MP,8MP,Snapdragon 7s Gen 2,"10,000mAh",12.1 inches,"PKR 71,220","INR 25,999","CNY 2,299",USD 300,"AED 1,099",2024,8.0,571.0,8.0,8.0,1,10000,12.1,25999.0,71220.0,2299.0,300.0,1099.0,True,False,Snapdragon 7 (Upper-Mid),Mid-Range
Samsung,Galaxy Z Fold6 256GB,239g,12GB,"10MP, 4MP (UDC)",50MP,Snapdragon 8 Gen 3,4400mAh,7.6 inches,"PKR 604,999","INR 164,999","�13,999","USD 1,899","AED 7,199",2024,12.0,239.0,10.0,50.0,1,4400,7.6,164999.0,604999.0,13999.0,1899.0,7199.0,False,True,Snapdragon 8 (Flagship),Ultra Premium
Samsung,Galaxy Z Fold6 512GB,239g,12GB,"10MP, 4MP (UDC)",50MP,Snapdragon 8 Gen 3,4400mAh,7.6 inches,"PKR 544,999","INR 176,999","CNY 15,999",USD 1719,"AED 7,699",2024,12.0,239.0,10.0,50.0,1,4400,7.6,176999.0,544999.0,15999.0,1719.0,7699.0,False,True,Snapdragon 8 (Flagship),Ultra Premium
Samsung,Galaxy Z Fold6 1TB,239g,12GB,"10MP, 4MP (UDC)",50MP,Snapdragon 8 Gen 3,4400mAh,7.6 inches,Not available,"INR 200,999","CNY 17,999�","USD 2,259","AED 8,699",2024,12.0,239.0,10.0,50.0,1,4400,7.6,200999.0,,17999.0,2259.0,8699.0,False,True,Snapdragon 8 (Flagship),Ultra Premium
